id,days
1,1
2,2
3,2
4,3
5,4
6,5
7,7
8,8
9,9
10,10
11,11
12,13
13,15
14,16
15,17
16,17
17,18
18,18
19,18
20,20
21,20
22,21
23,21
24,24
25,27
26,29
27,30
28,37
29,40
30,40
31,40
32,41
33,46
34,47
35,48
36,52
37,54
38,54
39,55
40,55
41,64
42,65
43,65
44,65
45,67
46,76
47,76
48,79
49,80
50,80
51,82
52,86
53,87
54,89
55,94
56,96
57,100
58,101
59,102
60,104
61,105
62,109
63,109
64,120
65,123
66,141
67,150
68,156
69,156
70,161
71,164
72,167
73,170
74,178
75,181
76,191
77,193
78,206
79,211
80,212
81,214
82,236
83,238
84,240
85,265
86,304
87,317
88,328
89,355
90,363
91,365
92,369
93,389
94,404
95,427
96,435
97,500
98,522
99,547
100,889
