id,wheel,wheel_s,tire,tire_s,airbag,airbag_s,suspension,suspension_s
1,1817,1363,1805,542,1527,1374,4657,1863
2,659,494,3142,943,3752,3377,59,24
3,1339,1004,3178,953,760,684,379,152
4,877,658,1682,505,3228,2905,3235,1294
5,1191,893,2162,649,4829,4346,3965,1586
6,3064,2298,3680,1104,4138,3724,22106,8842
7,2341,1756,2807,842,7941,7147,4164,1666
8,914,686,919,276,1764,1588,4041,1616
9,717,538,1926,578,1926,1733,1406,562
10,396,297,1216,365,2158,1942,141,56
11,919,689,1322,397,77,69,1191,476
12,1403,1052,2114,634,3549,3194,963,385
13,860,645,1091,327,2770,2493,2058,823
14,1008,756,1900,570,7583,6825,880,352
15,485,364,1514,454,6517,5865,498,199
16,551,413,266,80,2008,1807,10181,4072
17,1005,754,1539,462,2752,2477,659,264
18,2894,2170,2626,788,9920,8928,5447,2179
19,1804,1353,2260,678,7431,6688,9149,3660
20,3703,2777,4088,1226,1764,1588,5793,2317
21,1533,1150,2573,772,7926,7133,2117,847
22,331,248,1567,470,303,273,109,44
23,1602,1202,1792,538,14962,13466,14623,5849
24,875,656,2074,622,299,269,1262,505
25,722,542,2632,790,6782,6104,2000,800
26,579,434,2086,626,3057,2751,1424,570
27,262,196,544,163,2257,2031,9708,3883
28,969,727,1789,537,1045,940,1858,743
29,1644,1233,2817,845,11224,10102,7678,3071
30,1970,1478,2051,615,2368,2131,196,78
31,463,347,1299,390,2486,2237,1579,632
32,937,703,1154,346,5701,5131,7582,3033
33,973,730,500,150,691,622,2159,864
34,422,316,1988,596,2464,2218,23,9
35,285,214,1467,440,342,308,10,4
36,781,586,1153,346,2222,2000,1585,634
37,599,449,1453,436,542,488,694,278
38,1171,878,2174,652,3540,3186,4575,1830
39,781,586,2208,662,5461,4915,3930,1572
40,726,544,1700,510,540,486,2571,1028
41,1505,1129,2962,889,12413,11172,13756,5502
42,1716,1287,1497,449,1226,1103,1448,579
43,1626,1220,634,190,1624,1462,4224,1690
44,3295,2471,4097,1229,6746,6071,7883,3153
45,30,22,202,61,50,45,267,107
46,2984,2238,1372,412,245,220,9413,3765
47,88,66,1808,542,18878,16990,798,319
48,601,451,1256,377,5509,4958,935,374
49,2147,1610,2393,718,4699,4229,9458,3783
50,1935,1451,3536,1061,2125,1912,277,111
51,3248,2436,3276,983,3072,2765,8745,3498
52,2110,1582,2810,843,2108,1897,471,188
53,2511,1883,3008,902,1547,1392,1264,506
54,1660,1245,3159,948,2202,1982,302,121
55,3383,2537,4885,1466,4920,4428,718,287
56,475,356,795,238,3039,2735,838,335
57,1299,974,1357,407,4118,3706,4986,1994
58,2025,1519,1852,556,1484,1336,1177,471
59,742,556,1344,403,328,295,1508,603
60,1951,1463,2350,705,10027,9024,2356,942
61,1010,758,2193,658,13639,12275,10869,4348
62,752,564,1984,595,353,318,15,6
63,1264,948,2662,799,8075,7268,2139,856
64,2258,1694,2771,831,2779,2501,1283,513
65,1609,1207,1985,596,4553,4098,894,358
66,681,511,450,135,1947,1752,6400,2560
67,85,64,490,147,1622,1460,1822,729
68,1164,873,2522,757,3220,2898,2237,895
69,638,478,1434,430,3660,3294,1775,710
70,1281,961,2144,643,3643,3279,845,338
71,1827,1370,2187,656,406,365,3028,1211
72,272,204,1660,498,9304,8374,5,2
73,1313,985,3376,1013,4475,4028,1687,675
74,1582,1186,894,268,852,767,26640,10656
75,903,677,2070,621,140,126,149,60
76,747,560,573,172,3973,3576,8949,3580
77,2839,2129,2431,729,5944,5350,37162,14865
78,3228,2421,4008,1202,4090,3681,1830,732
79,838,628,915,274,1353,1218,17608,7043
80,1706,1280,2014,604,7245,6520,15572,6229
81,473,355,1996,599,7255,6530,2005,802
82,916,687,2224,667,4836,4352,843,337
83,2054,1540,2745,824,3241,2917,7515,3006
84,1342,1006,3606,1082,6554,5899,947,379
85,94,70,556,167,121,109,36,14
86,1682,1262,2197,659,617,555,6428,2571
87,445,334,2450,735,9698,8728,763,305
88,1697,1273,1894,568,4418,3976,2306,922
89,656,492,1468,440,3678,3310,3278,1311
90,1593,1195,2460,738,2324,2092,442,177
91,273,205,607,182,4618,4156,1363,545
92,1403,1052,2334,700,4946,4451,13832,5533
93,342,256,1062,319,3586,3227,64,26
94,1474,1106,1799,540,2149,1934,4254,1702
95,980,735,1108,332,238,214,688,275
96,679,509,1399,420,2329,2096,2538,1015
97,787,590,362,109,2321,2089,11500,4600
98,1928,1446,2273,682,8292,7463,7113,2845
99,2418,1814,1855,556,3586,3227,50961,20384
100,2051,1538,3555,1066,7985,7186,7298,2919
101,4971,3728,5750,1725,8553,7698,2895,1158
102,1503,1127,1949,585,8062,7256,15970,6388
103,2002,1502,2978,893,4455,4010,17106,6842
104,1128,846,2065,620,2618,2356,18,7
105,604,453,1784,535,5983,5385,6753,2701
106,3345,2509,4737,1421,18589,16730,26282,10513
107,1986,1490,2329,699,1698,1528,2833,1133
108,1912,1434,3874,1162,7222,6500,4954,1982
109,952,714,1100,330,1028,925,597,239
110,787,590,1539,462,532,479,2316,926
111,612,459,2410,723,7208,6487,1991,796
112,4679,3509,4652,1396,10129,9116,11487,4595
113,1650,1238,2064,619,4340,3906,68,27
114,1050,788,1225,368,909,818,1623,649
115,1402,1052,2671,801,3888,3499,792,317
116,1254,940,3284,985,6216,5594,3046,1218
117,3029,2272,4189,1257,3093,2784,315,126
118,330,248,1786,536,9398,8458,881,352
119,113,85,1043,313,2636,2372,883,353
120,270,202,301,90,558,502,5305,2122
121,2553,1915,3729,1119,7747,6972,1609,644
122,727,545,1181,354,97,87,1130,452
123,339,254,824,247,7051,6346,3158,1263
124,1877,1408,3559,1068,8877,7989,1507,603
125,323,242,1290,387,3874,3487,705,282
126,667,500,1604,481,2828,2545,336,134
127,338,254,909,273,1331,1198,72,29
128,2789,2092,2959,888,3831,3448,16311,6524
129,1004,753,1735,520,3256,2930,145,58
130,603,452,1081,324,1514,1363,1303,521
131,1963,1472,1781,534,504,454,151,60
132,1140,855,889,267,3793,3414,4895,1958
133,999,749,1519,456,3109,2798,4966,1986
134,1200,900,605,182,1132,1019,5100,2040
135,374,280,164,49,5707,5136,24620,9848
136,2558,1918,5688,1706,7261,6535,924,370
137,1898,1424,3366,1010,5882,5294,1676,670
138,2431,1823,2097,629,1683,1515,6270,2508
139,762,572,842,253,1853,1668,1024,410
140,433,325,1674,502,4472,4025,4,2
141,2330,1748,2207,662,6528,5875,2337,935
142,1907,1430,1146,344,417,375,3401,1360
143,487,365,651,195,1196,1076,3389,1356
144,725,544,1955,586,895,806,231,92
145,1862,1396,1949,585,1555,1400,3806,1522
146,2519,1889,3946,1184,5797,5217,2723,1089
147,1932,1449,2700,810,1482,1334,2451,980
148,2380,1785,4139,1242,15249,13724,8024,3210
149,1456,1092,2461,738,7143,6429,1112,445
150,1208,906,2522,757,1439,1295,110,44
151,206,154,781,234,4621,4159,49,20
152,770,578,1473,442,589,530,2,1
153,299,224,1440,432,2728,2455,2291,916
154,3344,2508,4555,1366,4555,4100,988,395
155,1193,895,1820,546,3836,3452,580,232
156,967,725,2650,795,4218,3796,182,73
157,2271,1703,3479,1044,4088,3679,1637,655
158,1470,1102,2297,689,9607,8646,4309,1724
159,447,335,643,193,319,287,5523,2209
160,3168,2376,3537,1061,10649,9584,16642,6657
161,261,196,820,246,2235,2012,73,29
162,129,97,600,180,1588,1429,817,327
163,2374,1780,3144,943,5876,5288,2085,834
164,1855,1391,2799,840,8737,7863,12229,4892
165,925,694,1801,540,5423,4881,1803,721
166,2320,1740,3880,1164,10969,9872,3325,1330
167,1862,1396,4340,1302,7309,6578,2582,1033
168,1373,1030,1860,558,5817,5235,5469,2188
169,1493,1120,3356,1007,7041,6337,6042,2417
170,650,488,1852,556,1896,1706,1018,407
171,571,428,1954,586,11631,10468,2579,1032
172,768,576,780,234,2407,2166,21674,8670
173,594,446,1126,338,159,143,2553,1021
174,819,614,979,294,15,14,311,124
175,1354,1016,3569,1071,15162,13646,602,241
176,713,535,796,239,150,135,697,279
177,2665,1999,2662,799,639,575,1600,640
178,1214,910,451,135,26,23,44,18
179,1729,1297,2320,696,507,456,728,291
180,155,116,513,154,69,62,938,375
181,1123,842,2887,866,5716,5144,754,302
182,1552,1164,3131,939,4412,3971,7372,2949
183,1290,968,2298,689,3209,2888,1112,445
184,1916,1437,2020,606,3228,2905,11101,4440
185,944,708,2443,733,5659,5093,3976,1590
186,137,103,907,272,2373,2136,676,270
187,1415,1061,1128,338,1721,1549,15327,6131
188,243,182,1333,400,3152,2837,524,210
189,1866,1400,3180,954,13554,12199,7548,3019
190,1391,1043,2571,771,3169,2852,3004,1202
191,1628,1221,4514,1354,27367,24630,12539,5016
192,812,609,872,262,895,806,1812,725
193,374,280,1728,518,6938,6244,1235,494
194,571,428,2217,665,12323,11091,102,41
195,2244,1683,2239,672,434,391,1239,496
196,1180,885,2257,677,9801,8821,1309,524
197,618,464,2393,718,7558,6802,1506,602
198,1307,980,1740,522,4783,4305,5035,2014
199,1563,1172,845,254,8310,7479,14022,5609
200,892,669,2186,656,3597,3237,1854,742
201,872,654,1217,365,902,812,152,61
202,3144,2358,3656,1097,12305,11074,14993,5997
203,1189,892,1829,549,11058,9952,9770,3908
204,864,648,1070,321,3921,3529,767,307
205,1864,1398,3288,986,1462,1316,2848,1139
206,557,418,1608,482,8678,7810,7761,3104
207,819,614,1284,385,4116,3704,5278,2111
208,2985,2239,3089,927,1178,1060,1188,475
209,1009,757,1968,590,7242,6518,4597,1839
210,521,391,568,170,4261,3835,5251,2100
211,3654,2740,4165,1250,15377,13839,35270,14108
212,1985,1489,3107,932,3340,3006,3177,1271
213,1542,1156,1385,416,4398,3958,6823,2729
214,1136,852,2561,768,6580,5922,4806,1922
215,347,260,2123,637,11759,10583,1739,696
216,1839,1379,2669,801,2113,1902,3077,1231
217,2169,1627,2934,880,3008,2707,21,8
218,1617,1213,3352,1006,2362,2126,573,229
219,1546,1160,2715,814,12995,11696,839,336
220,554,416,3088,926,7620,6858,260,104
221,1395,1046,1983,595,1206,1085,953,381
222,847,635,1203,361,5853,5268,17584,7034
223,471,353,748,224,3623,3261,390,156
224,546,410,1547,464,562,506,48,19
225,701,526,1878,563,3906,3515,2632,1053
226,1673,1255,2817,845,2031,1828,536,214
227,918,688,2401,720,4728,4255,4213,1685
228,1340,1005,2314,694,5037,4533,19449,7780
229,3663,2747,3346,1004,1482,1334,7407,2963
230,1853,1390,2896,869,8271,7444,11401,4560
231,165,124,456,137,1227,1104,337,135
232,793,595,1975,592,3269,2942,1115,446
233,2773,2080,2953,886,8229,7406,5904,2362
234,42,32,167,50,1299,1169,10375,4150
235,1231,923,2000,600,16873,15186,5365,2146
236,1292,969,1310,393,3737,3363,7033,2813
237,626,470,1509,453,4101,3691,1276,510
238,1413,1060,2094,628,3965,3568,1679,672
239,789,592,2325,698,8588,7729,1644,658
240,2105,1579,2285,686,4100,3690,13061,5224
241,189,142,321,96,798,718,1016,406
242,719,539,810,243,6539,5885,10286,4114
243,1771,1328,3372,1012,4220,3798,2041,816
244,2800,2100,3776,1133,5209,4688,1883,753
245,1414,1060,1800,540,967,870,65,26
246,917,688,929,279,7924,7132,49439,19776
247,1318,988,1770,531,2408,2167,2165,866
248,1292,969,1753,526,7556,6800,7233,2893
249,1014,760,1488,446,2977,2679,5488,2195
250,847,635,1729,519,6679,6011,2511,1004
251,1206,904,2700,810,2723,2451,6754,2702
252,1690,1268,2064,619,8076,7268,4409,1764
253,887,665,842,253,736,662,2809,1124
254,1276,957,1526,458,2010,1809,2386,954
255,1955,1466,1905,572,2574,2317,1378,551
256,183,137,1404,421,3491,3142,293,117
257,1416,1062,2006,602,3546,3191,6748,2699
258,321,241,549,165,676,608,31,12
259,883,662,795,238,3951,3556,5003,2001
260,576,432,682,205,812,731,877,351
261,269,202,1647,494,6499,5849,227,91
262,553,415,232,70,1630,1467,3617,1447
263,323,242,1516,455,4465,4018,1295,518
264,1313,985,3498,1049,12038,10834,139,56
265,1312,984,2836,851,5041,4537,1910,764
266,669,502,1461,438,7973,7176,11469,4588
267,567,425,1251,375,1618,1456,5555,2222
268,961,721,3657,1097,6481,5833,41,16
269,3440,2580,3835,1150,1879,1691,4849,1940
270,4295,3221,3025,908,5508,4957,12374,4950
271,1380,1035,2120,636,4910,4419,8222,3289
272,3116,2337,2903,871,2998,2698,6310,2524
273,260,195,674,202,4957,4461,3468,1387
274,1150,862,2741,822,5428,4885,650,260
275,586,440,2029,609,5855,5270,160,64
276,1220,915,2279,684,3564,3208,2185,874
277,400,300,1478,443,1228,1105,2529,1012
278,465,349,1915,574,3516,3164,760,304
279,2102,1576,2276,683,2845,2560,1748,699
280,704,528,2825,848,3702,3332,50,20
281,832,624,1661,498,5123,4611,2504,1002
282,1880,1410,2841,852,5907,5316,5149,2060
283,572,429,426,128,2042,1838,9749,3900
284,321,241,1464,439,1240,1116,2,1
285,2080,1560,1582,475,3342,3008,11789,4716
286,1417,1063,2874,862,4604,4144,2919,1168
287,691,518,2782,835,4620,4158,44,18
288,839,629,3287,986,11381,10243,24,10
289,2433,1825,2021,606,317,285,1691,676
290,3904,2928,4026,1208,6251,5626,3479,1392
291,748,561,1447,434,4153,3738,2561,1024
292,1331,998,1313,394,2746,2471,2873,1149
293,1296,972,1495,448,6661,5995,10858,4343
294,602,452,886,266,537,483,1649,660
295,423,317,2147,644,6006,5405,9,4
296,614,460,1536,461,5071,4564,724,290
297,1761,1321,1643,493,2506,2255,3097,1239
298,715,536,905,272,843,759,3748,1499
299,1201,901,2154,646,3228,2905,1806,722
300,487,365,1727,518,1779,1601,522,209
301,1288,966,2288,686,2876,2588,427,171
302,953,715,1664,499,2515,2264,840,336
303,705,529,1921,576,1503,1353,650,260
304,2371,1778,2185,656,2038,1834,7069,2828
305,1795,1346,2546,764,2867,2580,351,140
306,1340,1005,2093,628,3900,3510,510,204
307,2860,2145,2607,782,632,569,1198,479
308,250,188,571,171,3057,2751,110,44
309,148,111,438,131,1338,1204,70,28
310,1425,1069,2249,675,1577,1419,944,378
311,1792,1344,2996,899,1896,1706,2,1
312,535,401,1461,438,5368,4831,1610,644
313,512,384,1850,555,4981,4483,708,283
314,963,722,1519,456,3149,2834,567,227
315,2179,1634,2336,701,4186,3767,7528,3011
316,1016,762,2220,666,3237,2913,787,315
317,169,127,687,206,2149,1934,2300,920
318,133,100,728,218,3510,3159,652,261
319,3808,2856,4262,1279,1802,1622,2641,1056
320,1498,1124,1901,570,6301,5671,2047,819
321,2629,1972,3746,1124,6201,5581,7899,3160
322,1318,988,683,205,2099,1889,4229,1692
323,3046,2284,3484,1045,1154,1039,2331,932
324,3580,2685,2964,889,5118,4606,20658,8263
325,780,585,639,192,7130,6417,6525,2610
326,645,484,1285,386,2885,2596,6395,2558
327,1708,1281,2668,800,8618,7756,5315,2126
328,440,330,1166,350,1858,1672,987,395
329,1794,1346,2070,621,2858,2572,1974,790
330,458,344,636,191,1127,1014,1117,447
331,1146,860,1941,582,2615,2354,1393,557
332,2978,2234,4215,1264,6089,5480,1621,648
333,1629,1222,1883,565,6402,5762,6904,2762
334,309,232,1138,341,5843,5259,5181,2072
335,828,621,1348,404,3757,3381,496,198
336,87,65,339,102,4064,3658,4372,1749
337,817,613,911,273,689,620,9,4
338,182,136,1116,335,6947,6252,954,382
339,298,224,968,290,1126,1013,1875,750
340,1889,1417,3206,962,4033,3630,3764,1506
341,1597,1198,1676,503,3410,3069,7477,2991
342,4264,3198,2282,685,4832,4349,21551,8620
343,321,241,784,235,2133,1920,663,265
344,1476,1107,533,160,5,4,9839,3936
345,1957,1468,2368,710,2050,1845,1175,470
346,684,513,1392,418,6536,5882,3354,1342
347,2952,2214,3483,1045,5520,4968,11719,4688
348,87,65,364,109,5528,4975,1384,554
349,432,324,1027,308,544,490,113,45
350,1057,793,2835,850,14840,13356,198,79
351,1496,1122,2615,784,8728,7855,3091,1236
352,433,325,1134,340,289,260,492,197
353,1709,1282,2891,867,3431,3088,5988,2395
354,1416,1062,1474,442,2538,2284,5497,2199
355,1422,1066,1988,596,1039,935,4123,1649
356,1897,1423,2888,866,2332,2099,12376,4950
357,165,124,265,80,1169,1052,854,342
358,1273,955,3206,962,1043,939,58,23
359,2144,1608,1800,540,8142,7328,14765,5906
360,447,335,1205,362,1914,1723,165,66
361,741,556,1343,403,2405,2164,6837,2735
362,747,560,1379,414,1551,1396,5470,2188
363,1015,761,1624,487,2282,2054,876,350
364,42,32,399,120,252,227,240,96
365,295,221,353,106,699,629,2572,1029
366,1676,1257,2294,688,2700,2430,906,362
367,1256,942,1178,353,7816,7034,7327,2931
368,659,494,509,153,3877,3489,3360,1344
369,3148,2361,3803,1141,2459,2213,2563,1025
370,652,489,1958,587,2557,2301,5396,2158
371,1018,764,1702,511,907,816,905,362
372,2689,2017,1294,388,6028,5425,17114,6846
373,1169,877,1207,362,1343,1209,2695,1078
374,823,617,1712,514,4717,4245,7029,2812
375,2786,2090,3351,1005,15968,14371,3842,1537
376,1004,753,1438,431,1490,1341,5044,2018
377,1275,956,1569,471,9236,8312,25210,10084
378,1373,1030,2970,891,13116,11804,9866,3946
379,835,626,1893,568,1729,1556,1119,448
380,264,198,2099,630,1159,1043,271,108
381,523,392,1528,458,1117,1005,4047,1619
382,608,456,538,161,2791,2512,1048,419
383,1459,1094,1547,464,3542,3188,1242,497
384,560,420,1116,335,3291,2962,1660,664
385,19,14,152,46,2020,1818,210,84
386,2844,2133,2980,894,4529,4076,618,247
387,1108,831,1611,483,887,798,332,133
388,1125,844,1928,578,2091,1882,17,7
389,1056,792,1780,534,1834,1651,2078,831
390,384,288,833,250,3041,2737,4391,1756
391,2074,1556,1248,374,2171,1954,6027,2411
392,700,525,1966,590,3301,2971,1366,546
393,787,590,1941,582,2661,2395,182,73
394,1203,902,1792,538,2609,2348,157,63
395,2041,1531,2080,624,2377,2139,4908,1963
396,1536,1152,1858,557,4406,3965,911,364
397,536,402,1086,326,2790,2511,1324,530
398,482,362,2557,767,9764,8788,373,149
399,247,185,999,300,1648,1483,177,71
400,583,437,1526,458,1861,1675,4746,1898
401,1530,1148,1654,496,812,731,974,390
402,3332,2499,4210,1263,9513,8562,1888,755
403,537,403,1407,422,5480,4932,2752,1101
404,104,78,740,222,337,303,10,4
405,377,283,564,169,3220,2898,2500,1000
406,1485,1114,3022,907,16666,14999,7586,3034
407,2540,1905,3854,1156,3909,3518,2348,939
408,285,214,648,194,3730,3357,708,283
409,509,382,798,239,490,441,4425,1770
410,879,659,771,231,309,278,3001,1200
411,1579,1184,3298,989,7029,6326,11024,4410
412,1032,774,3384,1015,12988,11689,409,164
413,2230,1672,1976,593,6124,5512,3475,1390
414,998,748,2618,785,7154,6439,4709,1884
415,269,202,528,158,380,342,10804,4322
416,1463,1097,2513,754,801,721,409,164
417,250,188,1177,353,1569,1412,359,144
418,457,343,974,292,1516,1364,1241,496
419,2708,2031,3055,916,3485,3136,2596,1038
420,2967,2225,3525,1058,7806,7025,2456,982
421,905,679,1872,562,3592,3233,13537,5415
422,3618,2714,3092,928,3706,3335,2096,838
423,419,314,1639,492,4684,4216,1515,606
424,1094,820,1172,352,4766,4289,7074,2830
425,1679,1259,1636,491,6406,5765,19295,7718
426,1975,1481,2333,700,1715,1544,6166,2466
427,990,742,2309,693,2402,2162,877,351
428,245,184,1030,309,9126,8213,12745,5098
429,1001,751,2829,849,3692,3323,8,3
430,1127,845,2710,813,9791,8812,2504,1002
431,1072,804,3405,1022,11717,10545,3037,1215
432,2125,1594,1687,506,2299,2069,2551,1020
433,2791,2093,3697,1109,2800,2520,1837,735
434,4334,3250,5521,1656,6050,5445,5614,2246
435,157,118,1063,319,2974,2677,604,242
436,611,458,626,188,952,857,154,62
437,1184,888,1667,500,8198,7378,2409,964
438,957,718,1779,534,3813,3432,5880,2352
439,256,192,1147,344,2496,2246,431,172
440,1336,1002,2906,872,2457,2211,3034,1214
441,923,692,1568,470,3346,3011,139,56
442,1330,998,1675,502,5771,5194,1592,637
443,3471,2603,2039,612,2421,2179,13012,5205
444,2904,2178,2803,841,7505,6754,3725,1490
445,232,174,440,132,2568,2311,2576,1030
446,251,188,594,178,5251,4726,5689,2276
447,966,724,1609,483,245,220,11,4
448,761,571,3254,976,8326,7493,74,30
449,2116,1587,1939,582,3615,3254,2362,945
450,854,640,1218,365,3592,3233,6604,2642
451,1383,1037,2975,892,8466,7619,3054,1222
452,577,433,457,137,175,158,2095,838
453,896,672,1099,330,2769,2492,543,217
454,2651,1988,4058,1217,11031,9928,5312,2125
455,954,716,1583,475,3909,3518,250,100
456,814,610,914,274,697,627,5430,2172
457,950,712,1731,519,8121,7309,5086,2034
458,1122,842,1187,356,1711,1540,1398,559
459,737,553,1310,393,2247,2022,4501,1800
460,880,660,2593,778,14497,13047,1495,598
461,1642,1232,2419,726,5934,5341,1018,407
462,2388,1791,2106,632,5173,4656,4346,1738
463,875,656,1170,351,1800,1620,3405,1362
464,384,288,1551,465,2423,2181,2314,926
465,1171,878,2413,724,1889,1700,1335,534
466,1016,762,1702,511,1560,1404,2484,994
467,1875,1406,2613,784,6167,5550,2662,1065
468,1947,1460,2828,848,7111,6400,6967,2787
469,649,487,1682,505,1187,1068,631,252
470,2439,1829,1278,383,1810,1629,6841,2736
471,1707,1280,1500,450,3697,3327,1882,753
472,1392,1044,1934,580,2048,1843,4323,1729
473,377,283,1346,404,698,628,210,84
474,1323,992,2003,601,3829,3446,5819,2328
475,319,239,857,257,2033,1830,232,93
476,210,158,581,174,801,721,13,5
477,1309,982,1893,568,4974,4477,2023,809
478,2604,1953,2269,681,3105,2794,2054,822
479,510,382,1371,411,7744,6970,4409,1764
480,1149,862,859,258,3439,3095,25387,10155
481,800,600,1179,354,1390,1251,2007,803
482,2312,1734,1551,465,955,860,12955,5182
483,2652,1989,3308,992,6695,6026,17375,6950
484,362,272,940,282,4470,4023,4524,1810
485,2495,1871,2459,738,12224,11002,5456,2182
486,1648,1236,3187,956,13291,11962,10022,4009
487,664,498,827,248,1364,1228,384,154
488,1524,1143,1380,414,2875,2588,14235,5694
489,1373,1030,2940,882,10643,9579,1440,576
490,305,229,722,217,6972,6275,2265,906
491,2076,1557,2776,833,6401,5761,11724,4690
492,4271,3203,4075,1222,6057,5451,45299,18120
493,83,62,102,31,168,151,634,254
494,349,262,506,152,585,526,647,259
495,1101,826,2116,635,1875,1688,642,257
496,788,591,1188,356,5218,4696,3725,1490
497,345,259,1714,514,2071,1864,1375,550
498,1369,1027,1919,576,1664,1498,561,224
499,610,458,435,130,3972,3575,16941,6776
500,2694,2020,3016,905,6512,5861,20637,8255
501,650,488,1737,521,4930,4437,847,339
502,496,372,1600,480,2485,2236,4159,1664
503,1627,1220,3348,1004,4434,3991,1871,748
504,593,445,1425,428,10186,9167,4110,1644
505,329,247,1254,376,8841,7957,2893,1157
506,1115,836,2169,651,1223,1101,541,216
507,1964,1473,4070,1221,8991,8092,225,90
508,390,292,420,126,7988,7189,3184,1274
509,1642,1232,2785,836,3791,3412,4364,1746
510,988,741,663,199,6635,5972,27912,11165
511,141,106,124,37,667,600,829,332
512,1240,930,664,199,66,59,12723,5089
513,1396,1047,1309,393,5590,5031,16669,6668
514,1619,1214,3166,950,1517,1365,1932,773
515,640,480,1266,380,597,537,2252,901
516,789,592,1658,497,1075,968,2638,1055
517,1031,773,2028,608,2547,2292,2658,1063
518,638,478,943,283,2490,2241,1981,792
519,762,572,1331,399,3754,3379,2120,848
520,773,580,2156,647,2598,2338,8670,3468
521,1139,854,3666,1100,3829,3446,217,87
522,1121,841,883,265,4032,3629,8967,3587
523,2406,1804,2682,805,1641,1477,3930,1572
524,2018,1514,2673,802,6841,6157,4745,1898
525,558,418,1088,326,2838,2554,1961,784
526,938,704,2471,741,2967,2670,256,102
527,410,308,1554,466,6787,6108,111,44
528,859,644,717,215,1393,1254,2781,1112
529,502,376,1645,494,4564,4108,4211,1684
530,505,379,1586,476,6250,5625,2529,1012
531,1782,1336,1925,578,718,646,3843,1537
532,3134,2350,4971,1491,8037,7233,7051,2820
533,2435,1826,1564,469,4854,4369,33117,13247
534,2430,1822,3167,950,7433,6690,5461,2184
535,1534,1150,2106,632,6259,5633,5944,2378
536,1935,1451,3969,1191,5899,5309,1587,635
537,1855,1391,1049,315,4233,3810,29600,11840
538,2614,1960,1949,585,5930,5337,1254,502
539,538,404,1343,403,6292,5663,5876,2350
540,455,341,1353,406,2907,2616,4484,1794
541,1221,916,2321,696,7708,6937,5560,2224
542,295,221,590,177,6055,5450,11916,4766
543,1822,1366,2268,680,2622,2360,10636,4254
544,1142,856,1043,313,5024,4522,1379,552
545,862,646,659,198,1622,1460,6440,2576
546,533,400,811,243,4213,3792,1904,762
547,177,133,1060,318,734,661,1174,470
548,1694,1270,2505,752,4677,4209,299,120
549,119,89,297,89,2464,2218,1876,750
550,2222,1666,2740,822,1513,1362,366,146
551,655,491,691,207,595,536,1931,772
552,1535,1151,3518,1055,6369,5732,24,10
553,440,330,2547,764,7555,6800,613,245
554,2299,1724,3613,1084,10712,9641,4269,1708
555,1642,1232,2297,689,2732,2459,2232,893
556,2763,2072,2705,812,10037,9033,6539,2616
557,1402,1052,2120,636,4981,4483,951,380
558,420,315,1066,320,1423,1281,138,55
559,274,206,634,190,1989,1790,424,170
560,41,31,561,168,4019,3617,273,109
561,460,345,913,274,9005,8104,2299,920
562,1845,1384,2073,622,8817,7935,2916,1166
563,825,619,1045,314,1181,1063,5260,2104
564,2079,1559,2728,818,6737,6063,6839,2736
565,820,615,1512,454,2963,2667,1038,415
566,3909,2932,4342,1303,4708,4237,5961,2384
567,828,621,1702,511,3825,3442,109,44
568,283,212,1372,412,1561,1405,2,1
569,1486,1114,1861,558,687,618,3015,1206
570,3726,2794,3543,1063,6804,6124,14452,5781
571,2696,2022,2626,788,4533,4080,1357,543
572,2405,1804,3019,906,4366,3929,1621,648
573,843,632,1240,372,2859,2573,2053,821
574,1423,1067,1799,540,1655,1490,2081,832
575,3135,2351,2061,618,509,458,8435,3374
576,2835,2126,3261,978,7051,6346,7802,3121
577,1764,1323,2571,771,2596,2336,5210,2084
578,2517,1888,2432,730,2953,2658,8796,3518
579,2036,1527,2525,758,3888,3499,10270,4108
580,595,446,1818,545,3459,3113,1795,718
581,1486,1114,1890,567,2372,2135,3699,1480
582,247,185,1061,318,3928,3535,2481,992
583,3402,2552,3074,922,3640,3276,15797,6319
584,167,125,451,135,1261,1135,970,388
585,1328,996,2609,783,7019,6317,845,338
586,476,357,992,298,2282,2054,87,35
587,1967,1475,2949,885,3232,2909,662,265
588,1088,816,1810,543,4443,3999,4919,1968
589,1637,1228,1461,438,1200,1080,435,174
590,2104,1578,3754,1126,4388,3949,690,276
591,919,689,2288,686,12142,10928,5462,2185
592,182,136,293,88,1768,1591,7745,3098
593,448,336,1520,456,708,637,939,376
594,426,320,1437,431,1333,1200,100,40
595,588,441,1166,350,7637,6873,16047,6419
596,541,406,1254,376,3261,2935,1099,440
597,61,46,321,96,1351,1216,446,178
598,2134,1600,3674,1102,13590,12231,22847,9139
599,1691,1268,2875,862,5082,4574,6691,2676
600,181,136,712,214,3039,2735,5634,2254
601,1932,1449,695,208,3051,2746,12857,5143
602,1799,1349,2587,776,4309,3878,1850,740
603,1261,946,2108,632,3528,3175,20,8
604,1531,1148,1703,511,2699,2429,5793,2317
605,71,53,313,94,701,631,73,29
606,323,242,686,206,2929,2636,724,290
607,2785,2089,3962,1189,5987,5388,2989,1196
608,1057,793,575,172,4091,3682,30928,12371
609,2115,1586,2849,855,10424,9382,6030,2412
610,2206,1654,2382,715,6192,5573,9175,3670
611,2696,2022,2621,786,2733,2460,6125,2450
612,3047,2285,3241,972,9890,8901,5719,2288
613,1359,1019,2497,749,9824,8842,671,268
614,1404,1053,807,242,4375,3938,1549,620
615,412,309,1374,412,2599,2339,582,233
616,470,352,541,162,1234,1111,197,79
617,627,470,510,153,6,5,2386,954
618,1812,1359,1809,543,8733,7860,7072,2829
619,628,471,660,198,130,117,1040,416
620,1472,1104,2001,600,2993,2694,642,257
621,2015,1511,2264,679,1556,1400,773,309
622,4286,3214,4180,1254,1904,1714,3603,1441
623,828,621,1473,442,2636,2372,8533,3413
624,586,440,1184,355,526,473,202,81
625,343,257,1040,312,881,793,1107,443
626,1576,1182,2764,829,2590,2331,1685,674
627,1327,995,3434,1030,14596,13136,10356,4142
628,710,532,1915,574,3671,3304,600,240
629,1101,826,1840,552,15826,14243,6626,2650
630,709,532,487,146,3732,3359,8253,3301
631,1284,963,1972,592,1928,1735,492,197
632,2780,2085,2755,826,2463,2217,2614,1046
633,1866,1400,2894,868,7678,6910,3772,1509
634,656,492,1118,335,2712,2441,1400,560
635,1116,837,1312,394,7425,6682,17305,6922
636,2993,2245,2789,837,527,474,155,62
637,2451,1838,4639,1392,8191,7372,2676,1070
638,1992,1494,1953,586,3379,3041,5181,2072
639,1662,1246,1958,587,5241,4717,5471,2188
640,181,136,1269,381,5309,4778,505,202
641,3861,2896,3735,1120,2706,2435,6595,2638
642,601,451,651,195,5084,4576,478,191
643,893,670,1880,564,10091,9082,12205,4882
644,1515,1136,1510,453,10736,9662,15789,6316
645,977,733,1587,476,5640,5076,12163,4865
646,1113,835,600,180,369,332,1820,728
647,266,200,521,156,1005,904,1078,431
648,809,607,1103,331,1847,1662,4000,1600
649,1856,1392,4012,1204,13190,11871,9718,3887
650,905,679,1544,463,1911,1720,41,16
651,1427,1070,1699,510,7397,6657,6960,2784
652,675,506,1292,388,34,31,173,69
653,1930,1448,3544,1063,4252,3827,3594,1438
654,597,448,749,225,474,427,1787,715
655,1298,974,2936,881,2650,2385,389,156
656,1790,1342,2450,735,2868,2581,11100,4440
657,1236,927,2020,606,4557,4101,12250,4900
658,882,662,2175,652,755,680,8,3
659,675,506,1964,589,10175,9158,987,395
660,1659,1244,1739,522,2809,2528,6585,2634
661,380,285,672,202,176,158,187,75
662,978,734,2158,647,3393,3054,619,248
663,1995,1496,2766,830,3063,2757,8876,3550
664,1183,887,1346,404,3712,3341,386,154
665,792,594,903,271,2648,2383,2038,815
666,103,77,918,275,6213,5592,803,321
667,1081,811,1440,432,8210,7389,6630,2652
668,2441,1831,1941,582,1967,1770,8908,3563
669,2503,1877,2821,846,6520,5868,10299,4120
670,778,584,1279,384,5772,5195,3013,1205
671,4115,3086,3659,1098,7347,6612,29011,11604
672,955,716,1052,316,5163,4647,4239,1696
673,1154,866,1448,434,1784,1606,3251,1300
674,1623,1217,1548,464,6106,5495,11931,4772
675,1918,1438,2295,688,3017,2715,3521,1408
676,2018,1514,3054,916,3800,3420,9428,3771
677,961,721,1912,574,12757,11481,2456,982
678,813,610,1339,402,145,130,42,17
679,549,412,1261,378,305,274,346,138
680,184,138,310,93,405,364,529,212
681,997,748,401,120,2548,2293,3621,1448
682,2323,1742,4011,1203,4372,3935,1717,687
683,515,386,1722,517,2090,1881,306,122
684,1440,1080,1040,312,3972,3575,15824,6330
685,1272,954,1683,505,897,807,58,23
686,679,509,875,262,2875,2588,3068,1227
687,726,544,739,222,3288,2959,6449,2580
688,509,382,905,272,161,145,166,66
689,679,509,1627,488,1767,1590,3087,1235
690,2996,2247,2441,732,8282,7454,13448,5379
691,703,527,1108,332,10722,9650,4253,1701
692,3401,2551,3020,906,2376,2138,4842,1937
693,27,20,614,184,1349,1214,43,17
694,2248,1686,1646,494,2031,1828,6056,2422
695,1068,801,1969,591,1937,1743,303,121
696,505,379,1736,521,2114,1903,4310,1724
697,826,620,2150,645,580,522,1831,732
698,275,206,1470,441,1821,1639,12,5
699,2115,1586,2446,734,1480,1332,5516,2206
700,1596,1197,2880,864,2530,2277,186,74
701,1659,1244,1871,561,6625,5962,6703,2681
702,830,622,2776,833,1266,1139,33,13
703,1296,972,2585,776,10095,9086,3067,1227
704,629,472,817,245,9948,8953,4271,1708
705,1379,1034,822,247,1204,1084,8552,3421
706,658,494,1829,549,3986,3587,904,362
707,963,722,2222,667,2427,2184,484,194
708,4198,3148,4110,1233,10516,9464,4388,1755
709,1076,807,2157,647,2652,2387,6208,2483
710,1694,1270,1227,368,1925,1732,20620,8248
711,1317,988,2307,692,398,358,2917,1167
712,1389,1042,2068,620,4437,3993,3980,1592
713,1284,963,1888,566,2871,2584,3329,1332
714,2259,1694,2755,826,1960,1764,2598,1039
715,982,736,2130,639,2849,2564,112,45
716,487,365,1090,327,1054,949,72,29
717,2312,1734,2709,813,9631,8668,12682,5073
718,196,147,1434,430,9435,8492,14,6
719,1067,800,1699,510,2510,2259,185,74
720,416,312,1739,522,1472,1325,1041,416
721,577,433,1223,367,7144,6430,7552,3021
722,562,422,421,126,1517,1365,8002,3201
723,154,116,1239,372,5863,5277,381,152
724,2840,2130,2346,704,5890,5301,9517,3807
725,672,504,1740,522,2227,2004,1085,434
726,820,615,1195,358,868,781,1869,748
727,2583,1937,1302,391,1378,1240,1456,582
728,2755,2066,4041,1212,7804,7024,4384,1754
729,1621,1216,2447,734,10829,9746,9049,3620
730,3767,2825,2798,839,2525,2272,14586,5834
731,2327,1745,3588,1076,1995,1796,279,112
732,146,110,518,155,806,725,857,343
733,1712,1284,1940,582,16800,15120,13408,5363
734,1356,1017,2427,728,3415,3074,218,87
735,2510,1882,3591,1077,5522,4970,2401,960
736,2028,1521,3666,1100,8644,7780,2001,800
737,1244,933,1665,500,9691,8722,6151,2460
738,1037,778,3592,1078,7055,6350,94,38
739,2290,1718,2340,702,4291,3862,6138,2455
740,541,406,1247,374,1210,1089,431,172
741,2456,1842,2875,862,6690,6021,6800,2720
742,1677,1258,1331,399,2923,2631,4456,1782
743,1898,1424,1958,587,3987,3588,5626,2250
744,817,613,1869,561,4311,3880,6634,2654
745,2317,1738,2671,801,5090,4581,2449,980
746,537,403,1942,583,1540,1386,1,0
747,796,597,3132,940,5036,4532,5062,2025
748,414,310,260,78,776,698,1270,508
749,1465,1099,1190,357,788,709,1342,537
750,887,665,1974,592,2458,2212,2124,850
751,1052,789,1164,349,6005,5404,3533,1413
752,1372,1029,1640,492,232,209,322,129
753,1089,817,605,182,422,380,557,223
754,2605,1954,2045,614,3085,2776,3415,1366
755,1134,850,1906,572,6223,5601,6110,2444
756,1231,923,3039,912,2782,2504,56,22
757,3105,2329,2770,831,4782,4304,2771,1108
758,2065,1549,3316,995,3376,3038,26,10
759,555,416,927,278,2636,2372,3936,1574
760,1482,1112,626,188,5385,4846,3908,1563
761,428,321,1273,382,4300,3870,6965,2786
762,1127,845,899,270,17,15,185,74
763,1544,1158,2391,717,6590,5931,164,66
764,1203,902,1824,547,596,536,268,107
765,385,289,1861,558,4498,4048,118,47
766,314,236,1172,352,4102,3692,1005,402
767,1422,1066,1941,582,5046,4541,9029,3612
768,457,343,1885,566,4568,4111,615,246
769,192,144,971,291,1930,1737,102,41
770,1331,998,1580,474,1124,1012,873,349
771,2404,1803,3094,928,8175,7358,6251,2500
772,532,399,636,191,1461,1315,2693,1077
773,2715,2036,2923,877,7924,7132,6203,2481
774,859,644,701,210,79,71,74,30
775,782,586,1376,413,2343,2109,1278,511
776,55,41,240,72,283,255,29,12
777,2093,1570,1824,547,1084,976,5208,2083
778,209,157,423,127,323,291,957,383
779,517,388,1245,374,4119,3707,953,381
780,2252,1689,2914,874,8591,7732,2431,972
781,2204,1653,2007,602,4972,4475,1273,509
782,590,442,1640,492,1270,1143,221,88
783,208,156,3098,929,7880,7092,1058,423
784,3298,2474,4773,1432,3987,3588,4481,1792
785,1147,860,2297,689,6493,5844,2230,892
786,1720,1290,2087,626,788,709,1609,644
787,1511,1133,2583,775,9084,8176,5463,2185
788,1200,900,1730,519,4370,3933,4636,1854
789,426,320,952,286,1737,1563,870,348
790,1301,976,3309,993,6798,6118,128,51
791,961,721,2721,816,10067,9060,563,225
792,1714,1286,851,255,1146,1031,7834,3134
793,1325,994,2852,856,6283,5655,1518,607
794,251,188,800,240,10588,9529,4059,1624
795,1591,1193,2236,671,6142,5528,14814,5926
796,491,368,1357,407,3543,3189,2,1
797,1078,808,1422,427,4096,3686,2501,1000
798,1455,1091,2513,754,2537,2283,1096,438
799,1066,800,1594,478,6116,5504,4936,1974
800,533,400,2067,620,8795,7916,681,272
801,2619,1964,1832,550,2732,2459,8135,3254
802,961,721,1721,516,9055,8150,1407,563
803,3426,2570,3108,932,6440,5796,14785,5914
804,1684,1263,2469,741,4100,3690,4849,1940
805,326,244,1224,367,4140,3726,1057,423
806,1258,944,2376,713,12018,10816,13366,5346
807,1975,1481,3752,1126,2972,2675,505,202
808,640,480,1372,412,4774,4297,964,386
809,2338,1754,2791,837,5012,4511,7282,2913
810,1505,1129,1308,392,2239,2015,11024,4410
811,2049,1537,3355,1006,4077,3669,4725,1890
812,241,181,495,148,3333,3000,784,314
813,473,355,570,171,120,108,37,15
814,3237,2428,2562,769,5258,4732,450,180
815,2355,1766,2199,660,7029,6326,5712,2285
816,656,492,1237,371,1564,1408,2777,1111
817,1719,1289,3387,1016,5748,5173,5974,2390
818,1029,772,399,120,3870,3483,41340,16536
819,953,715,1151,345,4293,3864,3952,1581
820,293,220,1881,564,5367,4830,30,12
821,2219,1664,2737,821,1489,1340,1372,549
822,1484,1113,1812,544,3702,3332,1659,664
823,1758,1318,2985,896,7284,6556,1053,421
824,1065,799,2728,818,4650,4185,579,232
825,1376,1032,534,160,723,651,11128,4451
826,2967,2225,2657,797,9927,8934,8516,3406
827,1365,1024,2025,608,7457,6711,1251,500
828,43,32,581,174,285,256,127,51
829,2948,2211,3594,1078,2310,2079,967,387
830,1654,1240,3512,1054,3046,2741,669,268
831,1219,914,1389,417,1756,1580,4832,1933
832,599,449,1076,323,770,693,4153,1661
833,1328,996,1351,405,2219,1997,1526,610
834,1601,1201,3624,1087,3408,3067,2075,830
835,2124,1593,1973,592,593,534,1206,482
836,2053,1540,1991,597,1812,1631,295,118
837,942,706,2020,606,8670,7803,3694,1478
838,3603,2702,3292,988,5850,5265,12280,4912
839,770,578,1683,505,5220,4698,1728,691
840,2609,1957,2429,729,5057,4551,7163,2865
841,1284,963,1437,431,277,249,1281,512
842,1245,934,2680,804,7369,6632,3570,1428
843,2765,2074,3913,1174,2208,1987,5953,2381
844,2598,1948,3320,996,7477,6729,2027,811
845,114,86,702,211,2183,1965,45,18
846,397,298,2818,845,1898,1708,269,108
847,1515,1136,1374,412,1882,1694,1353,541
848,1001,751,1500,450,2391,2152,2141,856
849,2517,1888,1612,484,5817,5235,5597,2239
850,1741,1306,3932,1180,6544,5890,106,42
851,834,626,1016,305,4457,4011,7773,3109
852,469,352,2059,618,7656,6890,24,10
853,171,128,1197,359,1657,1491,2292,917
854,2145,1609,1741,522,6053,5448,8015,3206
855,750,562,1114,334,4825,4342,1667,667
856,493,370,1516,455,876,788,233,93
857,747,560,1588,476,4163,3747,4574,1830
858,1189,892,1677,503,1552,1397,2135,854
859,296,222,1025,308,100,90,180,72
860,420,315,532,160,1253,1128,1213,485
861,1617,1213,1750,525,733,660,1721,688
862,1188,891,1543,463,104,94,4417,1767
863,2074,1556,2498,749,4408,3967,2923,1169
864,2132,1599,1189,357,4487,4038,14031,5612
865,2273,1705,2337,701,3034,2731,3054,1222
866,1299,974,2730,819,5227,4704,1364,546
867,1033,775,1244,373,430,387,2178,871
868,294,220,878,263,8137,7323,6795,2718
869,908,681,1234,370,3320,2988,2369,948
870,2453,1840,2310,693,5650,5085,2904,1162
871,1253,940,1298,389,519,467,2966,1186
872,1246,934,1082,325,2777,2499,3479,1392
873,105,79,1050,315,5974,5377,1496,598
874,1394,1046,2133,640,2248,2023,1760,704
875,1349,1012,2502,751,12985,11686,10280,4112
876,911,683,805,242,5546,4991,13555,5422
877,108,81,159,48,1703,1533,2604,1042
878,1695,1271,898,269,2805,2524,7884,3154
879,762,572,2212,664,3170,2853,103,41
880,715,536,1458,437,3224,2902,426,170
881,711,533,568,170,482,434,313,125
882,925,694,606,182,1575,1418,6468,2587
883,682,512,1065,320,3102,2792,977,391
884,2136,1602,2604,781,6429,5786,4908,1963
885,395,296,883,265,2574,2317,8,3
886,152,114,513,154,3594,3235,6582,2633
887,647,485,1708,512,1264,1138,1709,684
888,875,656,1210,363,2848,2563,1970,788
889,1526,1144,2426,728,2511,2260,1957,783
890,789,592,2104,631,12971,11674,1111,444
891,1828,1371,3998,1199,6703,6033,627,251
892,2606,1954,3995,1198,16738,15064,1463,585
893,1930,1448,2289,687,6256,5630,27946,11178
894,2567,1925,2953,886,3089,2780,3393,1357
895,434,326,716,215,1980,1782,540,216
896,883,662,2535,760,4243,3819,1602,641
897,578,434,1778,533,3479,3131,70,28
898,2420,1815,4542,1363,7625,6862,1409,564
899,2992,2244,3056,917,9721,8749,11387,4555
900,63,47,140,42,597,537,38,15
901,1673,1255,2495,748,4756,4280,6186,2474
902,1578,1184,1925,578,896,806,33,13
903,3203,2402,4694,1408,7483,6735,3140,1256
904,1096,822,2577,773,3576,3218,515,206
905,388,291,1429,429,6214,5593,4826,1930
906,1214,910,1799,540,856,770,916,366
907,1192,894,908,272,2123,1911,3814,1526
908,571,428,1690,507,4355,3920,494,198
909,767,575,760,228,1949,1754,371,148
910,1226,920,1294,388,1280,1152,3621,1448
911,1529,1147,2292,688,3435,3092,9453,3781
912,216,162,645,194,1683,1515,17,7
913,1682,1262,1925,578,7218,6496,4779,1912
914,1211,908,1591,477,2210,1989,5778,2311
915,1890,1418,1275,382,1967,1770,14651,5860
916,542,406,939,282,1707,1536,4509,1804
917,535,401,1047,314,492,443,5406,2162
918,2118,1588,3321,996,1951,1756,934,374
919,1736,1302,1460,438,443,399,1258,503
920,522,392,3261,978,5878,5290,4381,1752
921,685,514,917,275,5619,5057,3727,1491
922,1693,1270,3287,986,9002,8102,1119,448
923,1599,1199,1263,379,3585,3226,4245,1698
924,1893,1420,524,157,1069,962,4084,1634
925,1528,1146,1406,422,4544,4090,1352,541
926,1391,1043,1141,342,3657,3291,3217,1287
927,369,277,1156,347,3553,3198,73,29
928,1312,984,3076,923,5483,4935,1430,572
929,1266,950,2443,733,7201,6481,7170,2868
930,1780,1335,1940,582,5836,5252,1564,626
931,2394,1796,3694,1108,3950,3555,5606,2242
932,399,299,1469,441,6915,6224,1278,511
933,1046,784,2369,711,4037,3633,884,354
934,215,161,849,255,2346,2111,4399,1760
935,1690,1268,3793,1138,5815,5234,1105,442
936,358,268,1307,392,3580,3222,1863,745
937,535,401,985,296,946,851,1060,424
938,610,458,1463,439,1460,1314,68,27
939,713,535,1110,333,1638,1474,1487,595
940,569,427,1597,479,569,512,4,2
941,1216,912,1389,417,1094,985,596,238
942,546,410,1581,474,10964,9868,1297,519
943,1486,1114,2231,669,3398,3058,978,391
944,2350,1762,2547,764,1020,918,1279,512
945,3151,2363,3606,1082,1010,909,198,79
946,393,295,866,260,1727,1554,1739,696
947,839,629,3155,946,5261,4735,119,48
948,318,238,1000,300,4306,3875,754,302
949,1973,1480,2989,897,9625,8662,1008,403
950,891,668,1688,506,3877,3489,628,251
951,2024,1518,2267,680,5276,4748,11210,4484
952,1205,904,1540,462,8314,7483,7455,2982
953,1928,1446,2861,858,10931,9838,5640,2256
954,863,647,811,243,1450,1305,4556,1822
955,2706,2030,4326,1298,7225,6502,487,195
956,2311,1733,3489,1047,2818,2536,699,280
957,2440,1830,3697,1109,10736,9662,17584,7034
958,3640,2730,2034,610,9910,8919,18956,7582
959,904,678,1381,414,2213,1992,1677,671
960,1358,1018,1460,438,3686,3317,4465,1786
961,333,250,428,128,1462,1316,2964,1186
962,2001,1501,2769,831,3980,3582,279,112
963,813,610,594,178,4842,4358,20415,8166
964,341,256,1074,322,1181,1063,1876,750
965,2319,1739,1333,400,10709,9638,23376,9350
966,1178,884,1922,577,4598,4138,863,345
967,2710,2032,2906,872,5827,5244,4568,1827
968,2681,2011,2573,772,4086,3677,3663,1465
969,2450,1838,1774,532,5351,4816,4912,1965
970,2287,1715,2164,649,9528,8575,3986,1594
971,672,504,654,196,1304,1174,115,46
972,1332,999,1026,308,1886,1697,815,326
973,281,211,1098,329,4185,3766,998,399
974,1937,1453,2432,730,3878,3490,6499,2600
975,628,471,1514,454,1346,1211,125,50
976,867,650,726,218,322,290,16918,6767
977,1669,1252,2346,704,1569,1412,618,247
978,2374,1780,4153,1246,3967,3570,67,27
979,1932,1449,2516,755,5909,5318,2324,930
980,678,508,806,242,4653,4188,4923,1969
981,522,392,1434,430,4178,3760,2570,1028
982,826,620,1235,370,1881,1693,4329,1732
983,523,392,620,186,868,781,1549,620
984,1205,904,1919,576,5921,5329,2691,1076
985,1360,1020,2196,659,2210,1989,10325,4130
986,2907,2180,1603,481,1857,1671,17347,6939
987,497,373,1034,310,1210,1089,1080,432
988,421,316,553,166,2702,2432,5039,2016
989,773,580,2661,798,4160,3744,214,86
990,271,203,398,119,308,277,12192,4877
991,1726,1294,840,252,6879,6191,18404,7362
992,729,547,1106,332,4940,4446,903,361
993,267,200,353,106,1086,977,2341,936
994,3450,2588,5547,1664,4310,3879,785,314
995,1104,828,2129,639,4093,3684,10676,4270
996,2555,1916,3662,1099,5172,4655,1770,708
997,1916,1437,3433,1030,2380,2142,280,112
998,1313,985,2317,695,6378,5740,22540,9016
999,542,406,1981,594,3296,2966,1274,510
1000,4650,3488,4260,1278,4669,4202,20960,8384
