muni_code,muni,pref,year,by_tsunami,social_capital,damage_rate,pop_density,exp_dis_relief_per_capita,income_per_capita,unemployment,pop_women,pop_over_age_65
02201,Aomori,Aomori,2011,Hit,0.393,0,1119.2,0.01,1.11,5.9,53.6,27.9
02202,Hirosaki,Aomori,2011,Not Hit,0.413,0,602.1,0.06,0.99,4.5,54.1,29.2
02203,Hachinohe,Aomori,2011,Hit,0.408,0.001,1137.5,2.44,1.13,5.5,52.2,27.5
02205,Goshogawara,Aomori,2011,Hit,0.397,0,317.6,0.11,0.86,5.9,54.7,31.6
02208,Mutsu,Aomori,2011,Hit,0.403,0,432.4,1.93,1.1,5.3,52,29.6
02210,Hirakawa,Aomori,2011,Not Hit,0.387,0,337.1,0.78,0.75,7.5,53.7,31.4
02343,Nishimeya,Aomori,2011,Not Hit,0.401,0,78.3,4.91,0.63,3.7,50.1,37.9
02361,Fujisaki,Aomori,2011,Not Hit,0.403,0,407.1,0,0.76,4.9,54,30.5
02387,Nakadomari,Aomori,2011,Hit,0.356,0,160.7,3.1,0.65,10.5,53.3,38.3
02401,Noheji,Aomori,2011,Hit,0.416,0,498.1,0.49,0.98,5.5,53.8,33.8
02402,Shichinohe,Aomori,2011,Not Hit,0.401,0,133.8,0.79,0.87,4.6,52.7,36.2
02405,Rokunohe,Aomori,2011,Not Hit,0.395,0,184.3,2.65,0.86,4.3,52.1,31
02406,Yokohama,Aomori,2011,Hit,0.396,0,152,0,0.87,4.3,51.5,36.4
02408,Tohoku,Aomori,2011,Not Hit,0.399,0,156.6,0.57,0.83,4.7,52.6,33.7
02411,Rokkasho,Aomori,2011,Hit,0.412,0,93.2,0.42,1.31,3.4,44.8,23
02412,Oirase,Aomori,2011,Hit,0.408,0.004,410.8,2.79,0.98,5.1,52.3,24.7
02423,Oma,Aomori,2011,Hit,0.38,0,373.1,0,0.98,5.2,49.3,29.4
02424,Higashidori,Aomori,2011,Hit,0.395,0,108.1,3.55,0.87,4,48,30.9
02425,Kazamaura,Aomori,2011,Hit,0.368,0,372.8,0,0.85,7.4,50.4,39.2
02426,Sai,Aomori,2011,Hit,0.37,0,127.3,0.92,0.71,6.3,50.8,40.6
02442,Gonohe,Aomori,2011,Not Hit,0.409,0,205.4,2.57,0.91,5.1,52.5,35.5
02445,Nambu,Aomori,2011,Not Hit,0.395,0,242.1,5.23,0.81,3.8,53.5,35.8
02446,Hashikami,Aomori,2011,Hit,0.394,0.001,356.8,16.63,0.89,6.5,50.2,27.1
03201,Morioka,Iwate,2011,Not Hit,0.452,0.001,1249.2,1.08,1.26,4.3,52.6,24.8
03202,Miyako,Iwate,2011,Hit,0.458,0.068,479.4,70.27,0.89,4.5,50.8,33.8
03203,Ofunato,Iwate,2011,Hit,0.461,0.095,702.4,119.41,0.91,3.5,51.2,33.9
03205,Hanamaki,Iwate,2011,Not Hit,0.457,0.001,304.4,7.56,0.98,3.8,52.7,32
03207,Kuji,Iwate,2011,Hit,0.453,0.01,450,18.03,0.89,5,52.2,29.5
03208,Tono,Iwate,2011,Not Hit,0.445,0.019,213.9,19.9,0.76,3.8,51.8,37.3
03209,Ichinoseki,Iwate,2011,Not Hit,0.45,0.025,255,35.14,0.91,4.1,51.6,33.3
03210,Rikuzentakata,Iwate,2011,Hit,0.451,0.161,442.4,99.32,0.8,3.5,50.7,36.6
03211,Kamaishi,Iwate,2011,Hit,0.461,0.107,848.4,115.55,0.89,4.2,50.8,35.4
03302,Kuzumaki,Iwate,2011,Not Hit,0.415,0,99.5,61.79,0.76,4.1,52.3,42.5
03441,Sumita,Iwate,2011,Not Hit,0.436,0.002,166.2,20.92,0.73,3.1,51.7,41.3
03461,Otsuchi,Iwate,2011,Hit,0.437,0.277,524,163.65,0.9,4.5,50.9,34.1
03482,Yamada,Iwate,2011,Hit,0.449,0.187,618.4,97.56,0.76,5,51.1,35.4
03483,Iwaizumi,Iwate,2011,Hit,0.433,0.019,132.5,51.92,0.7,3.5,51.3,40.7
03484,Tanohata,Iwate,2011,Hit,0.435,0.068,157,280.7,0.6,4.4,50.4,37.3
03485,Fudai,Iwate,2011,Hit,0.443,0,296.4,265.37,0.68,3.6,50.7,37.3
03503,Noda,Iwate,2011,Hit,0.447,0.083,351.9,133.21,0.75,5.9,52.7,35
04100,Sendai,Miyagi,2011,Not Hit,0.388,0.129,3169.6,57.32,1.3,4.9,51.3,21.7
04202,Ishinomaki,Miyagi,2011,Hit,0.385,0.29,611.2,66.49,1.04,5.4,51.2,30.1
04203,Shiogama,Miyagi,2011,Hit,0.395,0.126,3668.7,20.2,1.1,6.1,52.5,31.1
04205,Kesennuma,Miyagi,2011,Hit,0.408,0.197,706.7,40.76,0.92,5.7,51.1,34.9
04207,Natori,Miyagi,2011,Hit,0.425,0.166,1086.6,21.59,1.19,4.4,51,20.7
04208,Kakuda,Miyagi,2011,Not Hit,0.421,0.033,331.4,29.2,1.02,4.2,50.8,31.4
04212,Tome,Miyagi,2011,Not Hit,0.416,0.042,267.8,26.24,0.82,3.5,51.4,30.9
04215,Osaki,Miyagi,2011,Not Hit,0.393,0.071,356.9,26.47,0.98,4.6,51.2,26.9
04341,Marumori,Miyagi,2011,Not Hit,0.405,0.037,171.7,36.83,0.94,4.9,50.8,37.4
04361,Watari,Miyagi,2011,Hit,0.406,0.135,545.7,16.61,1.06,5.4,51.3,27.9
04362,Yamamoto,Miyagi,2011,Hit,0.396,0.271,289.8,79.97,1.13,6.1,49.9,36.6
04401,Matsushima,Miyagi,2011,Hit,0.381,0.119,555.9,33.74,0.98,6.7,51.7,35.2
04406,Rifu,Miyagi,2011,Hit,0.403,0.099,1612.7,25.86,1.23,4.2,51.4,20.3
04421,Taiwa,Miyagi,2011,Not Hit,0.41,0.094,454.3,30.47,0.92,4.1,48.5,21.1
04422,Osato,Miyagi,2011,Not Hit,0.395,0.094,185.1,75.01,0.87,4.2,51.4,32.7
04501,Wakuya,Miyagi,2011,Not Hit,0.383,0.066,281.4,32.81,0.83,5.5,51.5,32.1
04505,Misato,Miyagi,2011,Not Hit,0.411,0.131,332.2,20.31,0.94,4.2,51.8,31.7
04581,Onagawa,Miyagi,2011,Hit,0.379,0.567,714.9,396.65,1.38,3.3,45.4,33.6
04606,Minamisanriku,Miyagi,2011,Hit,0.386,0.352,335.6,148.72,0.93,3.6,50.6,33.5
05346,Fujisato,Akita,2011,Not Hit,0.436,0,90.7,27.16,0.73,3.3,52.3,43.6
05349,Happou,Akita,2011,Not Hit,0.443,0,167.7,4.94,0.8,3.7,53.1,41.7
07204,Iwaki,Fukushima,2011,Hit,0.42,0.146,999.4,21.67,1.07,4.6,50.7,28.1
07210,Nihonmatsu,Fukushima,2011,Not Hit,0.427,0.083,310,24.02,0.98,4.7,50.6,30.1
07213,Date,Fukushima,2011,Not Hit,0.423,0.13,472.8,28.16,1,4.4,51.1,32.4
07503,Hirata,Fukushima,2011,Not Hit,0.421,0.056,183.2,19.65,0.81,3.4,50.9,29.7
07522,Ono,Fukushima,2011,Not Hit,0.424,0.095,285,39.81,0.87,3.2,51.2,31
07541,Hirono,Fukushima,2011,Hit,0.441,0,288.5,91.92,1.48,2.9,36.3,26.2
12100,Chiba,Chiba,2011,Not Hit,0.341,0.002,4400.2,4.99,1.59,4.4,50.3,24.5
12202,Choshi,Chiba,2011,Hit,0.319,0.03,928.2,10.03,1.25,4.8,51.9,33.6
12203,Ichikawa,Chiba,2011,Hit,0.307,0.001,8596.2,1.47,1.8,3.7,49.6,21.7
12204,Funabashi,Chiba,2011,Hit,0.329,0.006,7707.1,1.76,1.62,3.9,50,22.9
12207,Matsudo,Chiba,2011,Not Hit,0.329,0.003,8143.5,0.97,1.62,4.3,50.2,25.2
12210,Mobara,Chiba,2011,Not Hit,0.357,0,1079.9,0.05,1.36,4.6,50.8,29.8
12213,Togane,Chiba,2011,Not Hit,0.336,0.002,855,0.15,1.19,5.2,50.2,25.4
12216,Narashino,Chiba,2011,Hit,0.339,0.025,8033.9,4.96,1.63,4.4,49.8,22.3
12219,Ichihara,Chiba,2011,Hit,0.351,0,1177.5,0.41,1.45,4.2,48.6,25.8
12221,Yachiyo,Chiba,2011,Not Hit,0.341,0.006,4247,0.62,1.54,3.7,50.7,24.3
12224,Kamagaya,Chiba,2011,Not Hit,0.34,0.01,5526,0.18,1.44,4.8,50.9,26.7
12227,Urayasu,Chiba,2011,Hit,0.334,0.03,9481.2,16.26,2.24,3,50.6,15.8
12229,Sodegaura,Chiba,2011,Hit,0.352,0,808.2,0.07,1.38,3.7,49.7,24.8
12230,Yachimata,Chiba,2011,Not Hit,0.318,0.001,1128,0.19,1.19,4.8,49.7,25.6
12232,Shiroi,Chiba,2011,Not Hit,0.336,0.007,2051,2.07,1.58,4.2,50.3,23.3
12236,Katori,Chiba,2011,Not Hit,0.339,0.024,372.4,13.66,1.21,4,50.8,33
12403,Kujukuri,Chiba,2011,Hit,0.329,0.002,711.6,4.57,1.09,5.7,51.3,35
12409,Shibayama,Chiba,2011,Not Hit,0.344,0.012,254.6,0.75,1.21,3.5,50.9,32.7
12410,Yokoshibahikari,Chiba,2011,Hit,0.347,0.011,421,2.9,1.07,3.8,51.2,33.7
08201,Mito,Ibaraki,2014,Not Hit,0.404,0.096,1484.6,2.23,1.46,4,51,24.5
08221,Hitachinaka,Ibaraki,2014,Hit,0.414,0.039,1661,0.62,1.46,4.1,49.7,23.8
08222,Kashima,Ibaraki,2014,Hit,0.418,0.051,860.3,5.48,1.29,4.3,48.3,27.6
08223,Itako,Ibaraki,2014,Not Hit,0.397,0.099,580.5,48.86,1.15,7.8,50.5,28.4
08232,Kamisu,Ibaraki,2014,Hit,0.418,0.037,678.2,6.5,1.35,4.3,48.5,20.7
08234,Hokota,Ibaraki,2014,Hit,0.394,0.099,317.8,5.9,1.01,4.2,49.5,30.2
08302,Ibaraki,Ibaraki,2014,Not Hit,0.412,0.087,339.6,0.2,1.06,4.2,50.7,30.8
08309,Oarai,Ibaraki,2014,Hit,0.406,0.074,924.2,0.21,1.12,5,51,30.5
08341,Tokai,Ibaraki,2014,Hit,0.428,0.094,1143.2,3.63,1.49,3.5,49.5,23.7
02201,Aomori,Aomori,2015,Hit,0.413,0,1119.2,0.2,1.12,5.9,53.6,27.9
02202,Hirosaki,Aomori,2015,Not Hit,0.423,0,602.1,1.69,1.04,4.5,54.1,29.2
02203,Hachinohe,Aomori,2015,Hit,0.417,0.001,1137.5,2.51,1.16,5.5,52.2,27.5
02205,Goshogawara,Aomori,2015,Hit,0.406,0,317.6,2.17,0.88,5.9,54.7,31.6
02206,Towada,Aomori,2015,Not Hit,0.437,0,309.3,0.11,1.02,4.3,52.6,29.7
02207,Misawa,Aomori,2015,Hit,0.441,0.001,410.9,0,1.24,4.1,50.6,23.6
02208,Mutsu,Aomori,2015,Hit,0.435,0,432.4,0,1.09,5.3,52,29.6
02210,Hirakawa,Aomori,2015,Not Hit,0.395,0,337.1,2.28,0.81,7.5,53.7,31.4
02343,Nishimeya,Aomori,2015,Not Hit,0.415,0,78.3,14.24,0.7,3.7,50.1,37.9
02381,Itayanagi,Aomori,2015,Not Hit,0.421,0,332.7,0,0.93,4.5,54.5,34
02384,Tsuruta,Aomori,2015,Not Hit,0.396,0,296.1,0,0.67,5.4,53.4,32.8
02387,Nakadomari,Aomori,2015,Hit,0.378,0,160.7,0.06,0.69,10.5,53.3,38.3
02401,Noheji,Aomori,2015,Hit,0.41,0,498.1,0,0.97,5.5,53.8,33.8
02402,Shichinohe,Aomori,2015,Not Hit,0.429,0,133.8,0.33,0.88,4.6,52.7,36.2
02405,Rokunohe,Aomori,2015,Not Hit,0.414,0,184.3,0,0.97,4.3,52.1,31
02406,Yokohama,Aomori,2015,Hit,0.42,0,152,0,0.91,4.3,51.5,36.4
02408,Tohoku,Aomori,2015,Not Hit,0.431,0,156.6,0,0.86,4.7,52.6,33.7
02411,Rokkasho,Aomori,2015,Hit,0.438,0,93.2,0,1.27,3.4,44.8,23
02412,Oirase,Aomori,2015,Hit,0.422,0.004,410.8,0.05,1.02,5.1,52.3,24.7
02423,Oma,Aomori,2015,Hit,0.41,0,373.1,0,1.16,5.2,49.3,29.4
02424,Higashidori,Aomori,2015,Hit,0.429,0,108.1,0,0.92,4,48,30.9
02425,Kazamaura,Aomori,2015,Hit,0.401,0,372.8,0,0.76,7.4,50.4,39.2
02426,Sai,Aomori,2015,Hit,0.398,0,127.3,4.57,0.67,6.3,50.8,40.6
02442,Gonohe,Aomori,2015,Not Hit,0.388,0,205.4,0.24,0.91,5.1,52.5,35.5
02445,Nambu,Aomori,2015,Not Hit,0.415,0,242.1,0.6,0.84,3.8,53.5,35.8
02446,Hashikami,Aomori,2015,Hit,0.402,0.001,356.8,0.14,0.99,6.5,50.2,27.1
03201,Morioka,Iwate,2015,Not Hit,0.453,0.001,1249.2,0.38,1.36,4.3,52.6,24.8
03202,Miyako,Iwate,2015,Hit,0.45,0.068,479.4,151.42,0.97,4.5,50.8,33.8
03205,Hanamaki,Iwate,2015,Not Hit,0.45,0.001,304.4,0,1.03,3.8,52.7,32
03207,Kuji,Iwate,2015,Hit,0.45,0.01,450,39.22,1.03,5,52.2,29.5
03209,Ichinoseki,Iwate,2015,Not Hit,0.441,0.025,255,5.52,0.97,4.1,51.6,33.3
03482,Yamada,Iwate,2015,Hit,0.438,0.187,618.4,228.89,0.8,5,51.1,35.4
03483,Iwaizumi,Iwate,2015,Hit,0.453,0.019,132.5,259.6,0.73,3.5,51.3,40.7
03484,Tanohata,Iwate,2015,Hit,0.454,0.068,157,207.38,0.81,4.4,50.4,37.3
03485,Fudai,Iwate,2015,Hit,0.457,0,296.4,26.1,0.78,3.6,50.7,37.3
03503,Noda,Iwate,2015,Hit,0.442,0.083,351.9,2.71,0.85,5.9,52.7,35
04100,Sendai,Miyagi,2015,Not Hit,0.393,0.129,3169.6,5.85,1.48,4.9,51.3,21.7
04202,Ishinomaki,Miyagi,2015,Hit,0.38,0.29,611.2,95.77,1.05,5.4,51.2,30.1
04203,Shiogama,Miyagi,2015,Hit,0.408,0.126,3668.7,10.38,1.15,6.1,52.5,31.1
04205,Kesennuma,Miyagi,2015,Hit,0.397,0.197,706.7,108.65,1.03,5.7,51.1,34.9
04209,Tagajo,Miyagi,2015,Hit,0.415,0.112,3247.7,0,1.3,4.7,50,22
04211,Iwanuma,Miyagi,2015,Hit,0.42,0.077,961.4,36.94,1.21,5,50.5,23.3
04212,Tome,Miyagi,2015,Not Hit,0.422,0.042,267.8,0.08,0.93,3.5,51.4,30.9
04215,Osaki,Miyagi,2015,Not Hit,0.412,0.071,356.9,5.37,1.09,4.6,51.2,26.9
04361,Watari,Miyagi,2015,Hit,0.415,0.135,545.7,5.05,1.08,5.4,51.3,27.9
04362,Yamamoto,Miyagi,2015,Hit,0.411,0.271,289.8,138.71,0.92,6.1,49.9,36.6
04404,Shichigahama,Miyagi,2015,Hit,0.403,0.172,1675.8,17.43,1.18,7.4,50.4,26.6
04501,Wakuya,Miyagi,2015,Not Hit,0.367,0.066,281.4,14.76,0.89,5.5,51.5,32.1
04505,Misato,Miyagi,2015,Not Hit,0.405,0.131,332.2,0,1.03,4.2,51.8,31.7
04581,Onagawa,Miyagi,2015,Hit,0.362,0.567,714.9,228.18,1,3.3,45.4,33.6
04606,Minamisanriku,Miyagi,2015,Hit,0.383,0.352,335.6,389.22,0.94,3.6,50.6,33.5
05346,Fujisato,Akita,2015,Not Hit,0.458,0,90.7,9.92,0.69,3.3,52.3,43.6
05349,Happou,Akita,2015,Not Hit,0.454,0,167.7,15.29,0.76,3.7,53.1,41.7
07204,Iwaki,Fukushima,2015,Hit,0.452,0.146,999.4,5.97,1.21,4.6,50.7,28.1
07209,Soma,Fukushima,2015,Hit,0.469,0.111,422.9,23.57,1.18,4.5,49.2,27.8
07210,Nihonmatsu,Fukushima,2015,Not Hit,0.449,0.083,310,27.89,1.09,4.7,50.6,30.1
07213,Date,Fukushima,2015,Not Hit,0.447,0.13,472.8,32.45,1.07,4.4,51.1,32.4
07483,Hanawa,Fukushima,2015,Not Hit,0.461,0.029,219.8,10.97,1.01,2.9,50.9,33.9
07484,Samegawa,Fukushima,2015,Not Hit,0.448,0.031,114.2,21.35,0.94,4.6,50,34.1
07503,Hirata,Fukushima,2015,Not Hit,0.443,0.056,183.2,0,0.88,3.4,50.9,29.7
07522,Ono,Fukushima,2015,Not Hit,0.47,0.095,285,2.08,1,3.2,51.2,31
07561,Shinchi,Fukushima,2015,Hit,0.473,0.133,272.3,24.52,1.03,4.1,49.7,29.9
12100,Chiba,Chiba,2015,Not Hit,0.339,0.002,4400.2,0,1.65,4.4,50.3,24.5
12203,Ichikawa,Chiba,2015,Hit,0.318,0.001,8596.2,0,1.87,3.7,49.6,21.7
12204,Funabashi,Chiba,2015,Hit,0.331,0.006,7707.1,0,1.7,3.9,50,22.9
12205,Tateyama,Chiba,2015,Hit,0.361,0,765.9,0.22,1.13,4.1,52,36.8
12206,Kisarazu,Chiba,2015,Not Hit,0.37,0,1402,0.11,1.42,4.1,49.7,25.9
12207,Matsudo,Chiba,2015,Not Hit,0.337,0.003,8143.5,0.01,1.64,4.3,50.2,25.2
12216,Narashino,Chiba,2015,Hit,0.343,0.025,8033.9,12.52,1.74,4.4,49.8,22.3
12219,Ichihara,Chiba,2015,Hit,0.353,0,1177.5,0.47,1.45,4.2,48.6,25.8
12221,Yachiyo,Chiba,2015,Not Hit,0.356,0.006,4247,0.01,1.58,3.7,50.7,24.3
12224,Kamagaya,Chiba,2015,Not Hit,0.345,0.01,5526,0,1.47,4.8,50.9,26.7
12227,Urayasu,Chiba,2015,Hit,0.344,0.03,9481.2,39.41,2.34,3,50.6,15.8
12232,Shiroi,Chiba,2015,Not Hit,0.352,0.007,2051,0,1.63,4.2,50.3,23.3
12235,Sosa,Chiba,2015,Hit,0.355,0.043,430.7,0,1.14,4.1,51.2,31.9
12237,Sammu,Chiba,2015,Hit,0.353,0.006,511.7,0.17,1.13,5.5,50.4,30.9
12238,Isumi,Chiba,2015,Hit,0.35,0.001,408.5,0.22,1.09,5.3,51.5,38
02201,Aomori,Aomori,2017,Hit,0.415,0,1119.2,0.02,1.16,5.9,53.6,27.9
02201,Aomori,Aomori,2016,Hit,0.413,0,1119.2,0.02,1.14,5.9,53.6,27.9
02201,Aomori,Aomori,2014,Hit,0.408,0,1119.2,1.15,1.12,5.9,53.6,27.9
02201,Aomori,Aomori,2013,Hit,0.407,0,1119.2,1.36,1.11,5.9,53.6,27.9
02201,Aomori,Aomori,2012,Hit,0.412,0,1119.2,0.6,1.1,5.9,53.6,27.9
02202,Hirosaki,Aomori,2017,Not Hit,0.426,0,602.1,0,1.08,4.5,54.1,29.2
02202,Hirosaki,Aomori,2016,Not Hit,0.424,0,602.1,0,1.06,4.5,54.1,29.2
02202,Hirosaki,Aomori,2014,Not Hit,0.419,0,602.1,8.95,1.01,4.5,54.1,29.2
02202,Hirosaki,Aomori,2013,Not Hit,0.417,0,602.1,4.06,1.01,4.5,54.1,29.2
02202,Hirosaki,Aomori,2012,Not Hit,0.426,0,602.1,0.32,0.99,4.5,54.1,29.2
02203,Hachinohe,Aomori,2017,Hit,0.42,0.001,1137.5,0.34,1.21,5.5,52.2,27.5
02203,Hachinohe,Aomori,2016,Hit,0.418,0.001,1137.5,0.34,1.18,5.5,52.2,27.5
02203,Hachinohe,Aomori,2014,Hit,0.413,0.001,1137.5,0.12,1.15,5.5,52.2,27.5
02203,Hachinohe,Aomori,2013,Hit,0.411,0.001,1137.5,0.01,1.13,5.5,52.2,27.5
02203,Hachinohe,Aomori,2012,Hit,0.416,0.001,1137.5,7.55,1.12,5.5,52.2,27.5
02204,Kuroishi,Aomori,2017,Not Hit,0.418,0,462.2,0.25,0.91,4.7,53.8,29.7
02204,Kuroishi,Aomori,2016,Not Hit,0.416,0,462.2,0.25,0.89,4.7,53.8,29.7
02204,Kuroishi,Aomori,2015,Not Hit,0.415,0,462.2,0.66,0.85,4.7,53.8,29.7
02204,Kuroishi,Aomori,2014,Not Hit,0.411,0,462.2,3.86,0.83,4.7,53.8,29.7
02204,Kuroishi,Aomori,2013,Not Hit,0.409,0,462.2,2.12,0.85,4.7,53.8,29.7
02204,Kuroishi,Aomori,2012,Not Hit,0.418,0,462.2,1.02,0.82,4.7,53.8,29.7
02204,Kuroishi,Aomori,2011,Not Hit,0.412,0,462.2,0.31,0.81,4.7,53.8,29.7
02205,Goshogawara,Aomori,2017,Hit,0.409,0,317.6,0,0.94,5.9,54.7,31.6
02205,Goshogawara,Aomori,2016,Hit,0.407,0,317.6,0,0.91,5.9,54.7,31.6
02205,Goshogawara,Aomori,2014,Hit,0.401,0,317.6,2.18,0.89,5.9,54.7,31.6
02205,Goshogawara,Aomori,2013,Hit,0.4,0,317.6,0.66,0.9,5.9,54.7,31.6
02205,Goshogawara,Aomori,2012,Hit,0.405,0,317.6,0.01,0.88,5.9,54.7,31.6
02206,Towada,Aomori,2017,Not Hit,0.44,0,309.3,1.17,1.1,4.3,52.6,29.7
02206,Towada,Aomori,2016,Not Hit,0.438,0,309.3,1.17,1.06,4.3,52.6,29.7
02206,Towada,Aomori,2014,Not Hit,0.433,0,309.3,1.34,1.01,4.3,52.6,29.7
02206,Towada,Aomori,2013,Not Hit,0.431,0,309.3,7.28,1.02,4.3,52.6,29.7
02206,Towada,Aomori,2012,Not Hit,0.433,0,309.3,4.38,0.99,4.3,52.6,29.7
02206,Towada,Aomori,2011,Not Hit,0.431,0,309.3,1.66,1,4.3,52.6,29.7
02207,Misawa,Aomori,2017,Hit,0.443,0.001,410.9,0.65,1.31,4.1,50.6,23.6
02207,Misawa,Aomori,2016,Hit,0.441,0.001,410.9,0.65,1.28,4.1,50.6,23.6
02207,Misawa,Aomori,2014,Hit,0.436,0.001,410.9,8.19,1.22,4.1,50.6,23.6
02207,Misawa,Aomori,2013,Hit,0.435,0.001,410.9,6.78,1.22,4.1,50.6,23.6
02207,Misawa,Aomori,2012,Hit,0.437,0.001,410.9,0.99,1.28,4.1,50.6,23.6
02207,Misawa,Aomori,2011,Hit,0.435,0.001,410.9,17.43,1.26,4.1,50.6,23.6
02208,Mutsu,Aomori,2017,Hit,0.438,0,432.4,0.01,1.15,5.3,52,29.6
02208,Mutsu,Aomori,2016,Hit,0.436,0,432.4,0.01,1.11,5.3,52,29.6
02208,Mutsu,Aomori,2014,Hit,0.431,0,432.4,0,1.08,5.3,52,29.6
02208,Mutsu,Aomori,2013,Hit,0.429,0,432.4,0,1.09,5.3,52,29.6
02208,Mutsu,Aomori,2012,Hit,0.431,0,432.4,2.8,1.1,5.3,52,29.6
02209,Tsugaru,Aomori,2017,Hit,0.41,0,156.1,0.68,0.77,6.4,53.3,34.5
02209,Tsugaru,Aomori,2016,Hit,0.408,0,156.1,0.68,0.75,6.4,53.3,34.5
02209,Tsugaru,Aomori,2015,Hit,0.407,0,156.1,0,0.67,6.4,53.3,34.5
02209,Tsugaru,Aomori,2014,Hit,0.403,0,156.1,0,0.72,6.4,53.3,34.5
02209,Tsugaru,Aomori,2013,Hit,0.401,0,156.1,0,0.73,6.4,53.3,34.5
02209,Tsugaru,Aomori,2012,Hit,0.41,0,156.1,0,0.7,6.4,53.3,34.5
02209,Tsugaru,Aomori,2011,Hit,0.408,0,156.1,0.59,0.66,6.4,53.3,34.5
02210,Hirakawa,Aomori,2017,Not Hit,0.397,0,337.1,1.52,0.85,7.5,53.7,31.4
02210,Hirakawa,Aomori,2016,Not Hit,0.395,0,337.1,1.52,0.84,7.5,53.7,31.4
02210,Hirakawa,Aomori,2014,Not Hit,0.39,0,337.1,19.62,0.77,7.5,53.7,31.4
02210,Hirakawa,Aomori,2013,Not Hit,0.389,0,337.1,5.02,0.78,7.5,53.7,31.4
02210,Hirakawa,Aomori,2012,Not Hit,0.398,0,337.1,2.58,0.75,7.5,53.7,31.4
02301,Hiranai,Aomori,2017,Hit,0.4,0,238.5,7.27,1.42,4.2,52.7,35.4
02301,Hiranai,Aomori,2016,Hit,0.398,0,238.5,7.27,1.12,4.2,52.7,35.4
02301,Hiranai,Aomori,2015,Hit,0.397,0,238.5,1.25,0.85,4.2,52.7,35.4
02301,Hiranai,Aomori,2014,Hit,0.393,0,238.5,2.69,0.86,4.2,52.7,35.4
02301,Hiranai,Aomori,2013,Hit,0.391,0,238.5,0.83,0.84,4.2,52.7,35.4
02301,Hiranai,Aomori,2012,Hit,0.396,0,238.5,0,0.88,4.2,52.7,35.4
02301,Hiranai,Aomori,2011,Hit,0.394,0,238.5,0,0.92,4.2,52.7,35.4
02303,Imabetsu,Aomori,2017,Hit,0.362,0,140.7,0,0.71,8.2,53.1,50.5
02303,Imabetsu,Aomori,2016,Hit,0.36,0,140.7,0,0.68,8.2,53.1,50.5
02303,Imabetsu,Aomori,2015,Hit,0.359,0,140.7,0.01,0.67,8.2,53.1,50.5
02303,Imabetsu,Aomori,2014,Hit,0.355,0,140.7,0,0.69,8.2,53.1,50.5
02303,Imabetsu,Aomori,2013,Hit,0.353,0,140.7,0,0.69,8.2,53.1,50.5
02303,Imabetsu,Aomori,2012,Hit,0.358,0,140.7,0,0.7,8.2,53.1,50.5
02303,Imabetsu,Aomori,2011,Hit,0.356,0,140.7,0.37,0.72,8.2,53.1,50.5
02304,Yomogita,Aomori,2017,Hit,0.393,0,140.9,0,0.92,5.7,52.8,37.3
02304,Yomogita,Aomori,2016,Hit,0.391,0,140.9,0,0.82,5.7,52.8,37.3
02304,Yomogita,Aomori,2015,Hit,0.39,0,140.9,2.76,0.74,5.7,52.8,37.3
02304,Yomogita,Aomori,2014,Hit,0.386,0,140.9,4.46,0.82,5.7,52.8,37.3
02304,Yomogita,Aomori,2013,Hit,0.384,0,140.9,7.14,0.82,5.7,52.8,37.3
02304,Yomogita,Aomori,2012,Hit,0.389,0,140.9,0.29,0.8,5.7,52.8,37.3
02304,Yomogita,Aomori,2011,Hit,0.387,0,140.9,0,0.74,5.7,52.8,37.3
02307,Sotogahama,Aomori,2017,Hit,0.369,0,199.6,0,0.94,5.9,53.5,45.7
02307,Sotogahama,Aomori,2016,Hit,0.367,0,199.6,0,0.83,5.9,53.5,45.7
02307,Sotogahama,Aomori,2015,Hit,0.366,0,199.6,0.43,0.76,5.9,53.5,45.7
02307,Sotogahama,Aomori,2014,Hit,0.362,0,199.6,0,0.8,5.9,53.5,45.7
02307,Sotogahama,Aomori,2013,Hit,0.36,0,199.6,1.45,0.81,5.9,53.5,45.7
02307,Sotogahama,Aomori,2012,Hit,0.365,0,199.6,3.34,0.81,5.9,53.5,45.7
02307,Sotogahama,Aomori,2011,Hit,0.359,0,199.6,1.61,0.88,5.9,53.5,45.7
02321,Ajigasawa,Aomori,2017,Hit,0.414,0,129.3,1.16,0.76,6,54.8,39.7
02321,Ajigasawa,Aomori,2016,Hit,0.412,0,129.3,1.16,0.74,6,54.8,39.7
02321,Ajigasawa,Aomori,2015,Hit,0.412,0,129.3,5.69,0.69,6,54.8,39.7
02321,Ajigasawa,Aomori,2014,Hit,0.407,0,129.3,32.62,0.69,6,54.8,39.7
02321,Ajigasawa,Aomori,2013,Hit,0.406,0,129.3,4.54,0.7,6,54.8,39.7
02321,Ajigasawa,Aomori,2012,Hit,0.415,0,129.3,0.11,0.68,6,54.8,39.7
02321,Ajigasawa,Aomori,2011,Hit,0.413,0,129.3,0.36,0.71,6,54.8,39.7
02323,Fukaura,Aomori,2017,Hit,0.401,0,129.2,0.17,0.66,4.6,54,44.8
02323,Fukaura,Aomori,2016,Hit,0.399,0,129.2,0.17,0.66,4.6,54,44.8
02323,Fukaura,Aomori,2015,Hit,0.399,0,129.2,15.02,0.64,4.6,54,44.8
02323,Fukaura,Aomori,2014,Hit,0.394,0,129.2,9.89,0.66,4.6,54,44.8
02323,Fukaura,Aomori,2013,Hit,0.393,0,129.2,13.27,0.66,4.6,54,44.8
02323,Fukaura,Aomori,2012,Hit,0.402,0,129.2,3.89,0.65,4.6,54,44.8
02323,Fukaura,Aomori,2011,Hit,0.399,0,129.2,0.97,0.65,4.6,54,44.8
02343,Nishimeya,Aomori,2017,Not Hit,0.417,0,78.3,1.26,0.68,3.7,50.1,37.9
02343,Nishimeya,Aomori,2016,Not Hit,0.415,0,78.3,1.26,0.7,3.7,50.1,37.9
02343,Nishimeya,Aomori,2014,Not Hit,0.41,0,78.3,52.64,0.67,3.7,50.1,37.9
02343,Nishimeya,Aomori,2013,Not Hit,0.409,0,78.3,12.47,0.67,3.7,50.1,37.9
02343,Nishimeya,Aomori,2012,Not Hit,0.418,0,78.3,9.23,0.61,3.7,50.1,37.9
02361,Fujisaki,Aomori,2017,Not Hit,0.404,0,407.1,0,0.9,4.9,54,30.5
02361,Fujisaki,Aomori,2016,Not Hit,0.402,0,407.1,0,0.88,4.9,54,30.5
02361,Fujisaki,Aomori,2015,Not Hit,0.402,0,407.1,0.14,0.82,4.9,54,30.5
02361,Fujisaki,Aomori,2014,Not Hit,0.397,0,407.1,1.3,0.8,4.9,54,30.5
02361,Fujisaki,Aomori,2013,Not Hit,0.396,0,407.1,0.68,0.81,4.9,54,30.5
02361,Fujisaki,Aomori,2012,Not Hit,0.405,0,407.1,0.02,0.79,4.9,54,30.5
02381,Itayanagi,Aomori,2017,Not Hit,0.423,0,332.7,0,0.81,4.5,54.5,34
02381,Itayanagi,Aomori,2016,Not Hit,0.421,0,332.7,0,0.77,4.5,54.5,34
02381,Itayanagi,Aomori,2014,Not Hit,0.416,0,332.7,0,0.72,4.5,54.5,34
02381,Itayanagi,Aomori,2013,Not Hit,0.415,0,332.7,0,0.74,4.5,54.5,34
02381,Itayanagi,Aomori,2012,Not Hit,0.42,0,332.7,0,0.69,4.5,54.5,34
02381,Itayanagi,Aomori,2011,Not Hit,0.418,0,332.7,0,0.7,4.5,54.5,34
02384,Tsuruta,Aomori,2017,Not Hit,0.398,0,296.1,0,0.75,5.4,53.4,32.8
02384,Tsuruta,Aomori,2016,Not Hit,0.396,0,296.1,0,0.72,5.4,53.4,32.8
02384,Tsuruta,Aomori,2014,Not Hit,0.391,0,296.1,0,0.66,5.4,53.4,32.8
02384,Tsuruta,Aomori,2013,Not Hit,0.39,0,296.1,0,0.66,5.4,53.4,32.8
02384,Tsuruta,Aomori,2012,Not Hit,0.395,0,296.1,0,0.64,5.4,53.4,32.8
02384,Tsuruta,Aomori,2011,Not Hit,0.393,0,296.1,0,0.62,5.4,53.4,32.8
02387,Nakadomari,Aomori,2017,Hit,0.381,0,160.7,0,0.79,10.5,53.3,38.3
02387,Nakadomari,Aomori,2016,Hit,0.379,0,160.7,0,0.76,10.5,53.3,38.3
02387,Nakadomari,Aomori,2014,Hit,0.374,0,160.7,1.4,0.73,10.5,53.3,38.3
02387,Nakadomari,Aomori,2013,Hit,0.372,0,160.7,1.06,0.75,10.5,53.3,38.3
02387,Nakadomari,Aomori,2012,Hit,0.377,0,160.7,1.17,0.7,10.5,53.3,38.3
02401,Noheji,Aomori,2017,Hit,0.413,0,498.1,2.19,1.08,5.5,53.8,33.8
02401,Noheji,Aomori,2016,Hit,0.41,0,498.1,2.19,1.04,5.5,53.8,33.8
02401,Noheji,Aomori,2014,Hit,0.405,0,498.1,0.83,0.98,5.5,53.8,33.8
02401,Noheji,Aomori,2013,Hit,0.404,0,498.1,0.9,0.99,5.5,53.8,33.8
02401,Noheji,Aomori,2012,Hit,0.406,0,498.1,0,0.97,5.5,53.8,33.8
02402,Shichinohe,Aomori,2017,Not Hit,0.431,0,133.8,3.47,0.98,4.6,52.7,36.2
02402,Shichinohe,Aomori,2016,Not Hit,0.429,0,133.8,3.47,0.94,4.6,52.7,36.2
02402,Shichinohe,Aomori,2014,Not Hit,0.424,0,133.8,2.19,0.86,4.6,52.7,36.2
02402,Shichinohe,Aomori,2013,Not Hit,0.423,0,133.8,0.71,0.89,4.6,52.7,36.2
02402,Shichinohe,Aomori,2012,Not Hit,0.425,0,133.8,2.89,0.88,4.6,52.7,36.2
02405,Rokunohe,Aomori,2017,Not Hit,0.417,0,184.3,2.85,1.16,4.3,52.1,31
02405,Rokunohe,Aomori,2016,Not Hit,0.415,0,184.3,2.85,1.07,4.3,52.1,31
02405,Rokunohe,Aomori,2014,Not Hit,0.41,0,184.3,0.13,0.93,4.3,52.1,31
02405,Rokunohe,Aomori,2013,Not Hit,0.408,0,184.3,1.74,0.9,4.3,52.1,31
02405,Rokunohe,Aomori,2012,Not Hit,0.41,0,184.3,0,0.87,4.3,52.1,31
02406,Yokohama,Aomori,2017,Hit,0.423,0,152,0.14,1.36,4.3,51.5,36.4
02406,Yokohama,Aomori,2016,Hit,0.421,0,152,0.14,1.1,4.3,51.5,36.4
02406,Yokohama,Aomori,2014,Hit,0.416,0,152,0,0.9,4.3,51.5,36.4
02406,Yokohama,Aomori,2013,Hit,0.414,0,152,0,0.91,4.3,51.5,36.4
02406,Yokohama,Aomori,2012,Hit,0.416,0,152,0,0.88,4.3,51.5,36.4
02408,Tohoku,Aomori,2017,Not Hit,0.434,0,156.6,3.45,1.01,4.7,52.6,33.7
02408,Tohoku,Aomori,2016,Not Hit,0.432,0,156.6,3.45,0.95,4.7,52.6,33.7
02408,Tohoku,Aomori,2014,Not Hit,0.427,0,156.6,3.2,0.86,4.7,52.6,33.7
02408,Tohoku,Aomori,2013,Not Hit,0.425,0,156.6,21.13,0.84,4.7,52.6,33.7
02408,Tohoku,Aomori,2012,Not Hit,0.427,0,156.6,2.87,0.83,4.7,52.6,33.7
02411,Rokkasho,Aomori,2017,Hit,0.44,0,93.2,6.48,1.4,3.4,44.8,23
02411,Rokkasho,Aomori,2016,Hit,0.438,0,93.2,6.48,1.31,3.4,44.8,23
02411,Rokkasho,Aomori,2014,Hit,0.433,0,93.2,0.53,1.26,3.4,44.8,23
02411,Rokkasho,Aomori,2013,Hit,0.432,0,93.2,0.09,1.3,3.4,44.8,23
02411,Rokkasho,Aomori,2012,Hit,0.434,0,93.2,0,1.3,3.4,44.8,23
02412,Oirase,Aomori,2017,Hit,0.424,0.004,410.8,0.55,1.16,5.1,52.3,24.7
02412,Oirase,Aomori,2016,Hit,0.422,0.004,410.8,0.55,1.09,5.1,52.3,24.7
02412,Oirase,Aomori,2014,Hit,0.417,0.004,410.8,0,1.01,5.1,52.3,24.7
02412,Oirase,Aomori,2013,Hit,0.416,0.004,410.8,0.32,0.99,5.1,52.3,24.7
02412,Oirase,Aomori,2012,Hit,0.418,0.004,410.8,0,0.97,5.1,52.3,24.7
02423,Oma,Aomori,2017,Hit,0.413,0,373.1,0,1.01,5.2,49.3,29.4
02423,Oma,Aomori,2016,Hit,0.411,0,373.1,0,1.08,5.2,49.3,29.4
02423,Oma,Aomori,2014,Hit,0.406,0,373.1,0,1.08,5.2,49.3,29.4
02423,Oma,Aomori,2013,Hit,0.404,0,373.1,0,0.98,5.2,49.3,29.4
02423,Oma,Aomori,2012,Hit,0.407,0,373.1,0,1,5.2,49.3,29.4
02424,Higashidori,Aomori,2017,Hit,0.432,0,108.1,1.29,0.93,4,48,30.9
02424,Higashidori,Aomori,2016,Hit,0.43,0,108.1,1.29,0.97,4,48,30.9
02424,Higashidori,Aomori,2014,Hit,0.425,0,108.1,5.19,0.89,4,48,30.9
02424,Higashidori,Aomori,2013,Hit,0.423,0,108.1,0.71,0.91,4,48,30.9
02424,Higashidori,Aomori,2012,Hit,0.425,0,108.1,0,0.93,4,48,30.9
02425,Kazamaura,Aomori,2017,Hit,0.404,0,372.8,2.31,0.78,7.4,50.4,39.2
02425,Kazamaura,Aomori,2016,Hit,0.402,0,372.8,2.31,0.81,7.4,50.4,39.2
02425,Kazamaura,Aomori,2014,Hit,0.397,0,372.8,0,0.79,7.4,50.4,39.2
02425,Kazamaura,Aomori,2013,Hit,0.395,0,372.8,0,0.78,7.4,50.4,39.2
02425,Kazamaura,Aomori,2012,Hit,0.398,0,372.8,0,0.81,7.4,50.4,39.2
02426,Sai,Aomori,2017,Hit,0.401,0,127.3,0.82,0.72,6.3,50.8,40.6
02426,Sai,Aomori,2016,Hit,0.399,0,127.3,0.82,0.7,6.3,50.8,40.6
02426,Sai,Aomori,2014,Hit,0.394,0,127.3,2.33,0.66,6.3,50.8,40.6
02426,Sai,Aomori,2013,Hit,0.392,0,127.3,0,0.67,6.3,50.8,40.6
02426,Sai,Aomori,2012,Hit,0.394,0,127.3,0,0.67,6.3,50.8,40.6
02442,Gonohe,Aomori,2017,Not Hit,0.391,0,205.4,2.7,0.98,5.1,52.5,35.5
02442,Gonohe,Aomori,2016,Not Hit,0.389,0,205.4,2.7,0.96,5.1,52.5,35.5
02442,Gonohe,Aomori,2014,Not Hit,0.384,0,205.4,1.96,0.9,5.1,52.5,35.5
02442,Gonohe,Aomori,2013,Not Hit,0.382,0,205.4,3.53,0.9,5.1,52.5,35.5
02442,Gonohe,Aomori,2012,Not Hit,0.388,0,205.4,2.33,0.88,5.1,52.5,35.5
02445,Nambu,Aomori,2017,Not Hit,0.418,0,242.1,1.27,0.89,3.8,53.5,35.8
02445,Nambu,Aomori,2016,Not Hit,0.416,0,242.1,1.27,0.87,3.8,53.5,35.8
02445,Nambu,Aomori,2014,Not Hit,0.411,0,242.1,5.43,0.83,3.8,53.5,35.8
02445,Nambu,Aomori,2013,Not Hit,0.409,0,242.1,9.92,0.83,3.8,53.5,35.8
02445,Nambu,Aomori,2012,Not Hit,0.409,0,242.1,6.45,0.82,3.8,53.5,35.8
02446,Hashikami,Aomori,2017,Hit,0.404,0.001,356.8,2.04,0.99,6.5,50.2,27.1
02446,Hashikami,Aomori,2016,Hit,0.402,0.001,356.8,2.04,0.98,6.5,50.2,27.1
02446,Hashikami,Aomori,2014,Hit,0.397,0.001,356.8,0,0.94,6.5,50.2,27.1
02446,Hashikami,Aomori,2013,Hit,0.396,0.001,356.8,5.18,0.93,6.5,50.2,27.1
02446,Hashikami,Aomori,2012,Hit,0.401,0.001,356.8,7.48,0.9,6.5,50.2,27.1
03201,Morioka,Iwate,2017,Not Hit,0.455,0.001,1249.2,0.12,1.43,4.3,52.6,24.8
03201,Morioka,Iwate,2016,Not Hit,0.454,0.001,1249.2,0.12,1.4,4.3,52.6,24.8
03201,Morioka,Iwate,2014,Not Hit,0.449,0.001,1249.2,2.95,1.36,4.3,52.6,24.8
03201,Morioka,Iwate,2013,Not Hit,0.446,0.001,1249.2,1.84,1.31,4.3,52.6,24.8
03201,Morioka,Iwate,2012,Not Hit,0.449,0.001,1249.2,0.1,1.27,4.3,52.6,24.8
03202,Miyako,Iwate,2017,Hit,0.453,0.068,479.4,117.72,1.01,4.5,50.8,33.8
03202,Miyako,Iwate,2016,Hit,0.451,0.068,479.4,117.72,1,4.5,50.8,33.8
03202,Miyako,Iwate,2014,Hit,0.446,0.068,479.4,126.65,0.94,4.5,50.8,33.8
03202,Miyako,Iwate,2013,Hit,0.443,0.068,479.4,219.56,0.88,4.5,50.8,33.8
03202,Miyako,Iwate,2012,Hit,0.451,0.068,479.4,218.2,0.8,4.5,50.8,33.8
03203,Ofunato,Iwate,2017,Hit,0.467,0.095,702.4,215.39,1.15,3.5,51.2,33.9
03203,Ofunato,Iwate,2016,Hit,0.465,0.095,702.4,215.39,1.08,3.5,51.2,33.9
03203,Ofunato,Iwate,2015,Hit,0.464,0.095,702.4,246.97,1.04,3.5,51.2,33.9
03203,Ofunato,Iwate,2014,Hit,0.46,0.095,702.4,222.81,0.98,3.5,51.2,33.9
03203,Ofunato,Iwate,2013,Hit,0.457,0.095,702.4,313.33,0.9,3.5,51.2,33.9
03203,Ofunato,Iwate,2012,Hit,0.459,0.095,702.4,323.59,0.72,3.5,51.2,33.9
03205,Hanamaki,Iwate,2017,Not Hit,0.453,0.001,304.4,0,1.08,3.8,52.7,32
03205,Hanamaki,Iwate,2016,Not Hit,0.452,0.001,304.4,0,1.06,3.8,52.7,32
03205,Hanamaki,Iwate,2014,Not Hit,0.446,0.001,304.4,3.32,1.03,3.8,52.7,32
03205,Hanamaki,Iwate,2013,Not Hit,0.444,0.001,304.4,2.87,1.03,3.8,52.7,32
03205,Hanamaki,Iwate,2012,Not Hit,0.444,0.001,304.4,0.07,1,3.8,52.7,32
03207,Kuji,Iwate,2017,Hit,0.452,0.01,450,51.8,1.06,5,52.2,29.5
03207,Kuji,Iwate,2016,Hit,0.451,0.01,450,51.8,1.05,5,52.2,29.5
03207,Kuji,Iwate,2014,Hit,0.446,0.01,450,37.87,1,5,52.2,29.5
03207,Kuji,Iwate,2013,Hit,0.443,0.01,450,36.38,0.96,5,52.2,29.5
03207,Kuji,Iwate,2012,Hit,0.451,0.01,450,59.15,0.9,5,52.2,29.5
03208,Tono,Iwate,2017,Not Hit,0.451,0.019,213.9,11.64,0.9,3.8,51.8,37.3
03208,Tono,Iwate,2016,Not Hit,0.45,0.019,213.9,11.64,0.88,3.8,51.8,37.3
03208,Tono,Iwate,2015,Not Hit,0.449,0.019,213.9,0.13,0.86,3.8,51.8,37.3
03208,Tono,Iwate,2014,Not Hit,0.445,0.019,213.9,3.33,0.85,3.8,51.8,37.3
03208,Tono,Iwate,2013,Not Hit,0.442,0.019,213.9,1.97,0.84,3.8,51.8,37.3
03208,Tono,Iwate,2012,Not Hit,0.444,0.019,213.9,2.38,0.8,3.8,51.8,37.3
03209,Ichinoseki,Iwate,2017,Not Hit,0.444,0.025,255,3.84,1.01,4.1,51.6,33.3
03209,Ichinoseki,Iwate,2016,Not Hit,0.442,0.025,255,3.84,1,4.1,51.6,33.3
03209,Ichinoseki,Iwate,2014,Not Hit,0.437,0.025,255,15.64,0.97,4.1,51.6,33.3
03209,Ichinoseki,Iwate,2013,Not Hit,0.434,0.025,255,14.51,0.96,4.1,51.6,33.3
03209,Ichinoseki,Iwate,2012,Not Hit,0.436,0.025,255,25.91,0.93,4.1,51.6,33.3
03210,Rikuzentakata,Iwate,2017,Hit,0.458,0.161,442.4,580.23,0.98,3.5,50.7,36.6
03210,Rikuzentakata,Iwate,2016,Hit,0.456,0.161,442.4,580.23,0.93,3.5,50.7,36.6
03210,Rikuzentakata,Iwate,2015,Hit,0.455,0.161,442.4,323.91,0.88,3.5,50.7,36.6
03210,Rikuzentakata,Iwate,2014,Hit,0.451,0.161,442.4,140.05,0.77,3.5,50.7,36.6
03210,Rikuzentakata,Iwate,2013,Hit,0.448,0.161,442.4,195.35,0.65,3.5,50.7,36.6
03210,Rikuzentakata,Iwate,2012,Hit,0.45,0.161,442.4,137.89,0.49,3.5,50.7,36.6
03211,Kamaishi,Iwate,2017,Hit,0.467,0.107,848.4,340.34,1.05,4.2,50.8,35.4
03211,Kamaishi,Iwate,2016,Hit,0.465,0.107,848.4,340.34,1.01,4.2,50.8,35.4
03211,Kamaishi,Iwate,2015,Hit,0.464,0.107,848.4,215.73,0.99,4.2,50.8,35.4
03211,Kamaishi,Iwate,2014,Hit,0.46,0.107,848.4,150.12,0.93,4.2,50.8,35.4
03211,Kamaishi,Iwate,2013,Hit,0.457,0.107,848.4,141.5,0.88,4.2,50.8,35.4
03211,Kamaishi,Iwate,2012,Hit,0.459,0.107,848.4,223.79,0.79,4.2,50.8,35.4
03302,Kuzumaki,Iwate,2017,Not Hit,0.415,0,99.5,15.65,0.8,4.1,52.3,42.5
03302,Kuzumaki,Iwate,2016,Not Hit,0.414,0,99.5,15.65,0.8,4.1,52.3,42.5
03302,Kuzumaki,Iwate,2015,Not Hit,0.413,0,99.5,0,0.8,4.1,52.3,42.5
03302,Kuzumaki,Iwate,2014,Not Hit,0.409,0,99.5,25.12,0.77,4.1,52.3,42.5
03302,Kuzumaki,Iwate,2013,Not Hit,0.406,0,99.5,56.8,0.76,4.1,52.3,42.5
03302,Kuzumaki,Iwate,2012,Not Hit,0.414,0,99.5,67.81,0.75,4.1,52.3,42.5
03441,Sumita,Iwate,2017,Not Hit,0.442,0.002,166.2,10.04,0.91,3.1,51.7,41.3
03441,Sumita,Iwate,2016,Not Hit,0.44,0.002,166.2,10.04,0.88,3.1,51.7,41.3
03441,Sumita,Iwate,2015,Not Hit,0.439,0.002,166.2,0.12,0.9,3.1,51.7,41.3
03441,Sumita,Iwate,2014,Not Hit,0.435,0.002,166.2,19.99,0.85,3.1,51.7,41.3
03441,Sumita,Iwate,2013,Not Hit,0.432,0.002,166.2,25.09,0.83,3.1,51.7,41.3
03441,Sumita,Iwate,2012,Not Hit,0.434,0.002,166.2,8.47,0.78,3.1,51.7,41.3
03461,Otsuchi,Iwate,2017,Hit,0.443,0.277,524,524.9,0.98,4.5,50.9,34.1
03461,Otsuchi,Iwate,2016,Hit,0.442,0.277,524,524.9,0.92,4.5,50.9,34.1
03461,Otsuchi,Iwate,2015,Hit,0.44,0.277,524,316.68,0.86,4.5,50.9,34.1
03461,Otsuchi,Iwate,2014,Hit,0.436,0.277,524,164.97,0.72,4.5,50.9,34.1
03461,Otsuchi,Iwate,2013,Hit,0.434,0.277,524,1052.91,0.57,4.5,50.9,34.1
03461,Otsuchi,Iwate,2012,Hit,0.435,0.277,524,1015.14,0.46,4.5,50.9,34.1
03482,Yamada,Iwate,2017,Hit,0.441,0.187,618.4,143.7,0.91,5,51.1,35.4
03482,Yamada,Iwate,2016,Hit,0.439,0.187,618.4,143.7,0.88,5,51.1,35.4
03482,Yamada,Iwate,2014,Hit,0.434,0.187,618.4,190.09,0.72,5,51.1,35.4
03482,Yamada,Iwate,2013,Hit,0.431,0.187,618.4,337.05,0.61,5,51.1,35.4
03482,Yamada,Iwate,2012,Hit,0.439,0.187,618.4,365.13,0.51,5,51.1,35.4
03483,Iwaizumi,Iwate,2017,Hit,0.456,0.019,132.5,187.11,0.75,3.5,51.3,40.7
03483,Iwaizumi,Iwate,2016,Hit,0.454,0.019,132.5,187.11,0.79,3.5,51.3,40.7
03483,Iwaizumi,Iwate,2014,Hit,0.449,0.019,132.5,200.32,0.72,3.5,51.3,40.7
03483,Iwaizumi,Iwate,2013,Hit,0.446,0.019,132.5,131.82,0.7,3.5,51.3,40.7
03483,Iwaizumi,Iwate,2012,Hit,0.454,0.019,132.5,138.8,0.66,3.5,51.3,40.7
03484,Tanohata,Iwate,2017,Hit,0.457,0.068,157,223.46,0.88,4.4,50.4,37.3
03484,Tanohata,Iwate,2016,Hit,0.455,0.068,157,223.46,0.84,4.4,50.4,37.3
03484,Tanohata,Iwate,2014,Hit,0.45,0.068,157,190,0.73,4.4,50.4,37.3
03484,Tanohata,Iwate,2013,Hit,0.447,0.068,157,480.09,0.64,4.4,50.4,37.3
03484,Tanohata,Iwate,2012,Hit,0.455,0.068,157,565.91,0.57,4.4,50.4,37.3
03485,Fudai,Iwate,2017,Hit,0.46,0,296.4,66.43,0.89,3.6,50.7,37.3
03485,Fudai,Iwate,2016,Hit,0.458,0,296.4,66.43,0.84,3.6,50.7,37.3
03485,Fudai,Iwate,2014,Hit,0.453,0,296.4,65.86,0.76,3.6,50.7,37.3
03485,Fudai,Iwate,2013,Hit,0.45,0,296.4,597.95,0.8,3.6,50.7,37.3
03485,Fudai,Iwate,2012,Hit,0.458,0,296.4,493.14,0.74,3.6,50.7,37.3
03501,Karumai,Iwate,2017,Not Hit,0.456,0,160.7,15.97,0.82,4.1,51.9,36.4
03501,Karumai,Iwate,2016,Not Hit,0.455,0,160.7,15.97,0.81,4.1,51.9,36.4
03501,Karumai,Iwate,2015,Not Hit,0.454,0,160.7,0,0.78,4.1,51.9,36.4
03501,Karumai,Iwate,2014,Not Hit,0.45,0,160.7,1.07,0.77,4.1,51.9,36.4
03501,Karumai,Iwate,2013,Not Hit,0.447,0,160.7,2.43,0.76,4.1,51.9,36.4
03501,Karumai,Iwate,2012,Not Hit,0.455,0,160.7,9.92,0.73,4.1,51.9,36.4
03501,Karumai,Iwate,2011,Not Hit,0.456,0,160.7,12.29,0.73,4.1,51.9,36.4
03503,Noda,Iwate,2017,Hit,0.445,0.083,351.9,45.5,0.96,5.9,52.7,35
03503,Noda,Iwate,2016,Hit,0.443,0.083,351.9,45.5,0.94,5.9,52.7,35
03503,Noda,Iwate,2014,Hit,0.438,0.083,351.9,16.17,0.8,5.9,52.7,35
03503,Noda,Iwate,2013,Hit,0.435,0.083,351.9,92.46,0.7,5.9,52.7,35
03503,Noda,Iwate,2012,Hit,0.443,0.083,351.9,196.51,0.61,5.9,52.7,35
03506,Kunohe,Iwate,2017,Not Hit,0.437,0,167.9,22.81,0.76,5.5,52.2,38.8
03506,Kunohe,Iwate,2016,Not Hit,0.436,0,167.9,22.81,0.73,5.5,52.2,38.8
03506,Kunohe,Iwate,2015,Not Hit,0.435,0,167.9,0,0.72,5.5,52.2,38.8
03506,Kunohe,Iwate,2014,Not Hit,0.431,0,167.9,18.81,0.71,5.5,52.2,38.8
03506,Kunohe,Iwate,2013,Not Hit,0.428,0,167.9,2.79,0.72,5.5,52.2,38.8
03506,Kunohe,Iwate,2012,Not Hit,0.436,0,167.9,59.91,0.7,5.5,52.2,38.8
03506,Kunohe,Iwate,2011,Not Hit,0.437,0,167.9,14.35,0.69,5.5,52.2,38.8
03507,Hirono,Iwate,2017,Hit,0.441,0.002,244.9,6.73,0.92,4.9,53.3,35.7
03507,Hirono,Iwate,2016,Hit,0.439,0.002,244.9,6.73,0.91,4.9,53.3,35.7
03507,Hirono,Iwate,2015,Hit,0.438,0.002,244.9,0.34,0.89,4.9,53.3,35.7
03507,Hirono,Iwate,2014,Hit,0.434,0.002,244.9,1.19,0.87,4.9,53.3,35.7
03507,Hirono,Iwate,2013,Hit,0.432,0.002,244.9,55.12,0.84,4.9,53.3,35.7
03507,Hirono,Iwate,2012,Hit,0.439,0.002,244.9,57.05,0.8,4.9,53.3,35.7
03507,Hirono,Iwate,2011,Hit,0.441,0.002,244.9,32.38,0.8,4.9,53.3,35.7
04100,Sendai,Miyagi,2017,Not Hit,0.392,0.129,3169.6,4.92,1.57,4.9,51.3,21.7
04100,Sendai,Miyagi,2016,Not Hit,0.393,0.129,3169.6,4.92,1.52,4.9,51.3,21.7
04100,Sendai,Miyagi,2014,Not Hit,0.394,0.129,3169.6,7.96,1.43,4.9,51.3,21.7
04100,Sendai,Miyagi,2013,Not Hit,0.394,0.129,3169.6,26.28,1.36,4.9,51.3,21.7
04100,Sendai,Miyagi,2012,Not Hit,0.394,0.129,3169.6,38.76,1.24,4.9,51.3,21.7
04202,Ishinomaki,Miyagi,2017,Hit,0.38,0.29,611.2,109.07,1.19,5.4,51.2,30.1
04202,Ishinomaki,Miyagi,2016,Hit,0.381,0.29,611.2,109.07,1.12,5.4,51.2,30.1
04202,Ishinomaki,Miyagi,2014,Hit,0.381,0.29,611.2,79,1.01,5.4,51.2,30.1
04202,Ishinomaki,Miyagi,2013,Hit,0.381,0.29,611.2,129.96,0.89,5.4,51.2,30.1
04202,Ishinomaki,Miyagi,2012,Hit,0.382,0.29,611.2,79.51,0.72,5.4,51.2,30.1
04203,Shiogama,Miyagi,2017,Hit,0.407,0.126,3668.7,13.55,1.18,6.1,52.5,31.1
04203,Shiogama,Miyagi,2016,Hit,0.408,0.126,3668.7,13.55,1.19,6.1,52.5,31.1
04203,Shiogama,Miyagi,2014,Hit,0.408,0.126,3668.7,10.02,1.12,6.1,52.5,31.1
04203,Shiogama,Miyagi,2013,Hit,0.409,0.126,3668.7,18.96,1.1,6.1,52.5,31.1
04203,Shiogama,Miyagi,2012,Hit,0.406,0.126,3668.7,26.66,1.01,6.1,52.5,31.1
04205,Kesennuma,Miyagi,2017,Hit,0.396,0.197,706.7,91.03,1.12,5.7,51.1,34.9
04205,Kesennuma,Miyagi,2016,Hit,0.397,0.197,706.7,91.03,1.07,5.7,51.1,34.9
04205,Kesennuma,Miyagi,2014,Hit,0.398,0.197,706.7,96.97,0.96,5.7,51.1,34.9
04205,Kesennuma,Miyagi,2013,Hit,0.398,0.197,706.7,119.89,0.85,5.7,51.1,34.9
04205,Kesennuma,Miyagi,2012,Hit,0.404,0.197,706.7,76.16,0.72,5.7,51.1,34.9
04207,Natori,Miyagi,2017,Hit,0.42,0.166,1086.6,28.52,1.46,4.4,51,20.7
04207,Natori,Miyagi,2016,Hit,0.421,0.166,1086.6,28.52,1.42,4.4,51,20.7
04207,Natori,Miyagi,2015,Hit,0.42,0.166,1086.6,11.45,1.35,4.4,51,20.7
04207,Natori,Miyagi,2014,Hit,0.421,0.166,1086.6,14.75,1.31,4.4,51,20.7
04207,Natori,Miyagi,2013,Hit,0.422,0.166,1086.6,11.58,1.22,4.4,51,20.7
04207,Natori,Miyagi,2012,Hit,0.426,0.166,1086.6,50.12,1.13,4.4,51,20.7
04208,Kakuda,Miyagi,2017,Not Hit,0.412,0.033,331.4,3.15,1.09,4.2,50.8,31.4
04208,Kakuda,Miyagi,2016,Not Hit,0.413,0.033,331.4,3.15,1.09,4.2,50.8,31.4
04208,Kakuda,Miyagi,2015,Not Hit,0.412,0.033,331.4,6.42,1.08,4.2,50.8,31.4
04208,Kakuda,Miyagi,2014,Not Hit,0.413,0.033,331.4,6.47,1.09,4.2,50.8,31.4
04208,Kakuda,Miyagi,2013,Not Hit,0.413,0.033,331.4,7.44,1.11,4.2,50.8,31.4
04208,Kakuda,Miyagi,2012,Not Hit,0.417,0.033,331.4,30.52,1.07,4.2,50.8,31.4
04209,Tagajo,Miyagi,2017,Hit,0.415,0.112,3247.7,0,1.36,4.7,50,22
04209,Tagajo,Miyagi,2016,Hit,0.416,0.112,3247.7,0,1.33,4.7,50,22
04209,Tagajo,Miyagi,2014,Hit,0.416,0.112,3247.7,0.31,1.22,4.7,50,22
04209,Tagajo,Miyagi,2013,Hit,0.416,0.112,3247.7,1.69,1.18,4.7,50,22
04209,Tagajo,Miyagi,2012,Hit,0.414,0.112,3247.7,17.57,1.1,4.7,50,22
04209,Tagajo,Miyagi,2011,Hit,0.418,0.112,3247.7,25.76,1.19,4.7,50,22
04211,Iwanuma,Miyagi,2017,Hit,0.419,0.077,961.4,11.39,1.29,5,50.5,23.3
04211,Iwanuma,Miyagi,2016,Hit,0.42,0.077,961.4,11.39,1.27,5,50.5,23.3
04211,Iwanuma,Miyagi,2014,Hit,0.42,0.077,961.4,10.48,1.2,5,50.5,23.3
04211,Iwanuma,Miyagi,2013,Hit,0.421,0.077,961.4,26.43,1.16,5,50.5,23.3
04211,Iwanuma,Miyagi,2012,Hit,0.425,0.077,961.4,30.54,1.09,5,50.5,23.3
04211,Iwanuma,Miyagi,2011,Hit,0.428,0.077,961.4,46.54,1.15,5,50.5,23.3
04212,Tome,Miyagi,2017,Not Hit,0.422,0.042,267.8,0.89,1.01,3.5,51.4,30.9
04212,Tome,Miyagi,2016,Not Hit,0.423,0.042,267.8,0.89,0.98,3.5,51.4,30.9
04212,Tome,Miyagi,2014,Not Hit,0.423,0.042,267.8,6.66,0.95,3.5,51.4,30.9
04212,Tome,Miyagi,2013,Not Hit,0.423,0.042,267.8,36.77,0.96,3.5,51.4,30.9
04212,Tome,Miyagi,2012,Not Hit,0.43,0.042,267.8,29.07,0.88,3.5,51.4,30.9
04214,Higashimatsushima,Miyagi,2017,Hit,0.398,0.228,552.3,93.48,1.14,5.5,50.9,26.1
04214,Higashimatsushima,Miyagi,2016,Hit,0.399,0.228,552.3,93.48,1.07,5.5,50.9,26.1
04214,Higashimatsushima,Miyagi,2015,Hit,0.399,0.228,552.3,79.15,0.99,5.5,50.9,26.1
04214,Higashimatsushima,Miyagi,2014,Hit,0.399,0.228,552.3,74.99,0.95,5.5,50.9,26.1
04214,Higashimatsushima,Miyagi,2013,Hit,0.4,0.228,552.3,98.32,0.81,5.5,50.9,26.1
04214,Higashimatsushima,Miyagi,2012,Hit,0.4,0.228,552.3,117.75,0.6,5.5,50.9,26.1
04214,Higashimatsushima,Miyagi,2011,Hit,0.4,0.228,552.3,48.17,1,5.5,50.9,26.1
04215,Osaki,Miyagi,2017,Not Hit,0.411,0.071,356.9,10.37,1.15,4.6,51.2,26.9
04215,Osaki,Miyagi,2016,Not Hit,0.412,0.071,356.9,10.37,1.12,4.6,51.2,26.9
04215,Osaki,Miyagi,2014,Not Hit,0.412,0.071,356.9,2.94,1.09,4.6,51.2,26.9
04215,Osaki,Miyagi,2013,Not Hit,0.413,0.071,356.9,18.33,1.07,4.6,51.2,26.9
04215,Osaki,Miyagi,2012,Not Hit,0.41,0.071,356.9,35.04,1.01,4.6,51.2,26.9
04322,Murata,Miyagi,2017,Not Hit,0.397,0.056,311.9,18.34,0.99,6.4,50.3,30.7
04322,Murata,Miyagi,2016,Not Hit,0.398,0.056,311.9,18.34,0.97,6.4,50.3,30.7
04322,Murata,Miyagi,2015,Not Hit,0.397,0.056,311.9,9.55,0.96,6.4,50.3,30.7
04322,Murata,Miyagi,2014,Not Hit,0.398,0.056,311.9,7.74,0.94,6.4,50.3,30.7
04322,Murata,Miyagi,2013,Not Hit,0.398,0.056,311.9,46.38,0.96,6.4,50.3,30.7
04322,Murata,Miyagi,2012,Not Hit,0.402,0.056,311.9,76.61,0.94,6.4,50.3,30.7
04322,Murata,Miyagi,2011,Not Hit,0.406,0.056,311.9,56.34,0.91,6.4,50.3,30.7
04323,Shibata,Miyagi,2017,Not Hit,0.414,0.041,1124.5,3.82,1.13,7,49.5,25.8
04323,Shibata,Miyagi,2016,Not Hit,0.415,0.041,1124.5,3.82,1.13,7,49.5,25.8
04323,Shibata,Miyagi,2015,Not Hit,0.415,0.041,1124.5,3.98,1.11,7,49.5,25.8
04323,Shibata,Miyagi,2014,Not Hit,0.415,0.041,1124.5,1.21,1.1,7,49.5,25.8
04323,Shibata,Miyagi,2013,Not Hit,0.416,0.041,1124.5,7.95,1.09,7,49.5,25.8
04323,Shibata,Miyagi,2012,Not Hit,0.42,0.041,1124.5,20.79,1.05,7,49.5,25.8
04323,Shibata,Miyagi,2011,Not Hit,0.424,0.041,1124.5,11.16,1.05,7,49.5,25.8
04341,Marumori,Miyagi,2017,Not Hit,0.395,0.037,171.7,68.2,0.97,4.9,50.8,37.4
04341,Marumori,Miyagi,2016,Not Hit,0.396,0.037,171.7,68.2,0.98,4.9,50.8,37.4
04341,Marumori,Miyagi,2015,Not Hit,0.396,0.037,171.7,15.23,0.97,4.9,50.8,37.4
04341,Marumori,Miyagi,2014,Not Hit,0.397,0.037,171.7,243.39,0.98,4.9,50.8,37.4
04341,Marumori,Miyagi,2013,Not Hit,0.397,0.037,171.7,183.92,0.97,4.9,50.8,37.4
04341,Marumori,Miyagi,2012,Not Hit,0.401,0.037,171.7,77.76,0.94,4.9,50.8,37.4
04361,Watari,Miyagi,2017,Hit,0.415,0.135,545.7,11.99,1.17,5.4,51.3,27.9
04361,Watari,Miyagi,2016,Hit,0.416,0.135,545.7,11.99,1.12,5.4,51.3,27.9
04361,Watari,Miyagi,2014,Hit,0.416,0.135,545.7,93.93,1.05,5.4,51.3,27.9
04361,Watari,Miyagi,2013,Hit,0.416,0.135,545.7,43.62,0.99,5.4,51.3,27.9
04361,Watari,Miyagi,2012,Hit,0.42,0.135,545.7,52.11,0.87,5.4,51.3,27.9
04362,Yamamoto,Miyagi,2017,Hit,0.41,0.271,289.8,95.03,1,6.1,49.9,36.6
04362,Yamamoto,Miyagi,2016,Hit,0.411,0.271,289.8,95.03,0.97,6.1,49.9,36.6
04362,Yamamoto,Miyagi,2014,Hit,0.411,0.271,289.8,70.01,0.89,6.1,49.9,36.6
04362,Yamamoto,Miyagi,2013,Hit,0.412,0.271,289.8,88.92,0.85,6.1,49.9,36.6
04362,Yamamoto,Miyagi,2012,Hit,0.416,0.271,289.8,151.2,0.7,6.1,49.9,36.6
04401,Matsushima,Miyagi,2017,Hit,0.379,0.119,555.9,47.31,1.08,6.7,51.7,35.2
04401,Matsushima,Miyagi,2016,Hit,0.379,0.119,555.9,47.31,1.07,6.7,51.7,35.2
04401,Matsushima,Miyagi,2015,Hit,0.379,0.119,555.9,35.14,1.06,6.7,51.7,35.2
04401,Matsushima,Miyagi,2014,Hit,0.38,0.119,555.9,32.37,1.05,6.7,51.7,35.2
04401,Matsushima,Miyagi,2013,Hit,0.38,0.119,555.9,80.62,1,6.7,51.7,35.2
04401,Matsushima,Miyagi,2012,Hit,0.378,0.119,555.9,48.76,0.89,6.7,51.7,35.2
04404,Shichigahama,Miyagi,2017,Hit,0.403,0.172,1675.8,0.72,1.26,7.4,50.4,26.6
04404,Shichigahama,Miyagi,2016,Hit,0.404,0.172,1675.8,0.72,1.21,7.4,50.4,26.6
04404,Shichigahama,Miyagi,2014,Hit,0.404,0.172,1675.8,52.11,1.19,7.4,50.4,26.6
04404,Shichigahama,Miyagi,2013,Hit,0.405,0.172,1675.8,106.56,1.15,7.4,50.4,26.6
04404,Shichigahama,Miyagi,2012,Hit,0.402,0.172,1675.8,77.92,1.06,7.4,50.4,26.6
04404,Shichigahama,Miyagi,2011,Hit,0.406,0.172,1675.8,61.82,1.13,7.4,50.4,26.6
04406,Rifu,Miyagi,2017,Hit,0.4,0.099,1612.7,0.16,1.46,4.2,51.4,20.3
04406,Rifu,Miyagi,2016,Hit,0.401,0.099,1612.7,0.16,1.43,4.2,51.4,20.3
04406,Rifu,Miyagi,2015,Hit,0.401,0.099,1612.7,0.32,1.39,4.2,51.4,20.3
04406,Rifu,Miyagi,2014,Hit,0.401,0.099,1612.7,14.55,1.38,4.2,51.4,20.3
04406,Rifu,Miyagi,2013,Hit,0.402,0.099,1612.7,2.56,1.31,4.2,51.4,20.3
04406,Rifu,Miyagi,2012,Hit,0.399,0.099,1612.7,24.26,1.24,4.2,51.4,20.3
04421,Taiwa,Miyagi,2017,Not Hit,0.407,0.094,454.3,10.12,1.29,4.1,48.5,21.1
04421,Taiwa,Miyagi,2016,Not Hit,0.408,0.094,454.3,10.12,1.27,4.1,48.5,21.1
04421,Taiwa,Miyagi,2015,Not Hit,0.407,0.094,454.3,8.59,1.2,4.1,48.5,21.1
04421,Taiwa,Miyagi,2014,Not Hit,0.408,0.094,454.3,1.7,1.11,4.1,48.5,21.1
04421,Taiwa,Miyagi,2013,Not Hit,0.408,0.094,454.3,2.28,1.06,4.1,48.5,21.1
04421,Taiwa,Miyagi,2012,Not Hit,0.406,0.094,454.3,17.82,0.97,4.1,48.5,21.1
04422,Osato,Miyagi,2017,Not Hit,0.392,0.094,185.1,15.82,0.99,4.2,51.4,32.7
04422,Osato,Miyagi,2016,Not Hit,0.393,0.094,185.1,15.82,0.97,4.2,51.4,32.7
04422,Osato,Miyagi,2015,Not Hit,0.392,0.094,185.1,26.72,0.94,4.2,51.4,32.7
04422,Osato,Miyagi,2014,Not Hit,0.393,0.094,185.1,23.04,0.96,4.2,51.4,32.7
04422,Osato,Miyagi,2013,Not Hit,0.393,0.094,185.1,94.39,0.97,4.2,51.4,32.7
04422,Osato,Miyagi,2012,Not Hit,0.391,0.094,185.1,156.15,0.84,4.2,51.4,32.7
04501,Wakuya,Miyagi,2017,Not Hit,0.366,0.066,281.4,0.07,0.94,5.5,51.5,32.1
04501,Wakuya,Miyagi,2016,Not Hit,0.367,0.066,281.4,0.07,0.92,5.5,51.5,32.1
04501,Wakuya,Miyagi,2014,Not Hit,0.367,0.066,281.4,18.02,0.91,5.5,51.5,32.1
04501,Wakuya,Miyagi,2013,Not Hit,0.368,0.066,281.4,7.41,0.9,5.5,51.5,32.1
04501,Wakuya,Miyagi,2012,Not Hit,0.368,0.066,281.4,22.11,0.83,5.5,51.5,32.1
04505,Misato,Miyagi,2017,Not Hit,0.405,0.131,332.2,0,1.12,4.2,51.8,31.7
04505,Misato,Miyagi,2016,Not Hit,0.405,0.131,332.2,0,1.08,4.2,51.8,31.7
04505,Misato,Miyagi,2014,Not Hit,0.406,0.131,332.2,0.41,1.04,4.2,51.8,31.7
04505,Misato,Miyagi,2013,Not Hit,0.406,0.131,332.2,2.92,1.03,4.2,51.8,31.7
04505,Misato,Miyagi,2012,Not Hit,0.407,0.131,332.2,37.47,0.94,4.2,51.8,31.7
04581,Onagawa,Miyagi,2017,Hit,0.362,0.567,714.9,603.52,1.2,3.3,45.4,33.6
04581,Onagawa,Miyagi,2016,Hit,0.363,0.567,714.9,603.52,1.09,3.3,45.4,33.6
04581,Onagawa,Miyagi,2014,Hit,0.363,0.567,714.9,382.44,0.95,3.3,45.4,33.6
04581,Onagawa,Miyagi,2013,Hit,0.363,0.567,714.9,297.59,0.83,3.3,45.4,33.6
04581,Onagawa,Miyagi,2012,Hit,0.363,0.567,714.9,277.58,0.65,3.3,45.4,33.6
04606,Minamisanriku,Miyagi,2017,Hit,0.382,0.352,335.6,213.01,1.06,3.6,50.6,33.5
04606,Minamisanriku,Miyagi,2016,Hit,0.383,0.352,335.6,213.01,1,3.6,50.6,33.5
04606,Minamisanriku,Miyagi,2014,Hit,0.383,0.352,335.6,177.93,0.86,3.6,50.6,33.5
04606,Minamisanriku,Miyagi,2013,Hit,0.384,0.352,335.6,263.99,0.65,3.6,50.6,33.5
04606,Minamisanriku,Miyagi,2012,Hit,0.39,0.352,335.6,153.32,0.43,3.6,50.6,33.5
05346,Fujisato,Akita,2017,Not Hit,0.461,0,90.7,0.52,0.7,3.3,52.3,43.6
05346,Fujisato,Akita,2016,Not Hit,0.461,0,90.7,0.52,0.72,3.3,52.3,43.6
05346,Fujisato,Akita,2014,Not Hit,0.457,0,90.7,32.88,0.72,3.3,52.3,43.6
05346,Fujisato,Akita,2013,Not Hit,0.455,0,90.7,11.24,0.77,3.3,52.3,43.6
05346,Fujisato,Akita,2012,Not Hit,0.458,0,90.7,9.02,0.77,3.3,52.3,43.6
05349,Happou,Akita,2017,Not Hit,0.457,0,167.7,16.77,0.82,3.7,53.1,41.7
05349,Happou,Akita,2016,Not Hit,0.457,0,167.7,16.77,0.81,3.7,53.1,41.7
05349,Happou,Akita,2014,Not Hit,0.453,0,167.7,8.34,0.81,3.7,53.1,41.7
05349,Happou,Akita,2013,Not Hit,0.451,0,167.7,7.49,0.82,3.7,53.1,41.7
05349,Happou,Akita,2012,Not Hit,0.454,0,167.7,38.09,0.81,3.7,53.1,41.7
07204,Iwaki,Fukushima,2017,Hit,0.452,0.146,999.4,7.65,1.27,4.6,50.7,28.1
07204,Iwaki,Fukushima,2016,Hit,0.453,0.146,999.4,7.65,1.25,4.6,50.7,28.1
07204,Iwaki,Fukushima,2014,Hit,0.449,0.146,999.4,8.62,1.18,4.6,50.7,28.1
07204,Iwaki,Fukushima,2013,Hit,0.445,0.146,999.4,11.11,1.11,4.6,50.7,28.1
07204,Iwaki,Fukushima,2012,Hit,0.443,0.146,999.4,20.47,1.01,4.6,50.7,28.1
07209,Soma,Fukushima,2017,Hit,0.47,0.111,422.9,19.09,1.26,4.5,49.2,27.8
07209,Soma,Fukushima,2016,Hit,0.471,0.111,422.9,19.09,1.24,4.5,49.2,27.8
07209,Soma,Fukushima,2014,Hit,0.467,0.111,422.9,36.55,1.13,4.5,49.2,27.8
07209,Soma,Fukushima,2013,Hit,0.463,0.111,422.9,34.9,1.08,4.5,49.2,27.8
07209,Soma,Fukushima,2012,Hit,0.466,0.111,422.9,47.41,0.96,4.5,49.2,27.8
07209,Soma,Fukushima,2011,Hit,0.454,0.111,422.9,21.08,0.95,4.5,49.2,27.8
07210,Nihonmatsu,Fukushima,2017,Not Hit,0.449,0.083,310,32.23,1.14,4.7,50.6,30.1
07210,Nihonmatsu,Fukushima,2016,Not Hit,0.45,0.083,310,32.23,1.12,4.7,50.6,30.1
07210,Nihonmatsu,Fukushima,2014,Not Hit,0.446,0.083,310,26.98,1.07,4.7,50.6,30.1
07210,Nihonmatsu,Fukushima,2013,Not Hit,0.442,0.083,310,25.67,1.03,4.7,50.6,30.1
07210,Nihonmatsu,Fukushima,2012,Not Hit,0.445,0.083,310,30.95,0.99,4.7,50.6,30.1
07213,Date,Fukushima,2017,Not Hit,0.447,0.13,472.8,26.84,1.12,4.4,51.1,32.4
07213,Date,Fukushima,2016,Not Hit,0.448,0.13,472.8,26.84,1.1,4.4,51.1,32.4
07213,Date,Fukushima,2014,Not Hit,0.444,0.13,472.8,14.36,1.07,4.4,51.1,32.4
07213,Date,Fukushima,2013,Not Hit,0.44,0.13,472.8,19.1,1.04,4.4,51.1,32.4
07213,Date,Fukushima,2012,Not Hit,0.444,0.13,472.8,21.56,1.01,4.4,51.1,32.4
07483,Hanawa,Fukushima,2017,Not Hit,0.462,0.029,219.8,7.78,1.09,2.9,50.9,33.9
07483,Hanawa,Fukushima,2016,Not Hit,0.463,0.029,219.8,7.78,1.06,2.9,50.9,33.9
07483,Hanawa,Fukushima,2014,Not Hit,0.459,0.029,219.8,6.88,1,2.9,50.9,33.9
07483,Hanawa,Fukushima,2013,Not Hit,0.455,0.029,219.8,0.94,1.01,2.9,50.9,33.9
07483,Hanawa,Fukushima,2012,Not Hit,0.455,0.029,219.8,10.96,0.98,2.9,50.9,33.9
07483,Hanawa,Fukushima,2011,Not Hit,0.442,0.029,219.8,21.78,0.93,2.9,50.9,33.9
07484,Samegawa,Fukushima,2017,Not Hit,0.448,0.031,114.2,14.64,0.95,4.6,50,34.1
07484,Samegawa,Fukushima,2016,Not Hit,0.449,0.031,114.2,14.64,0.97,4.6,50,34.1
07484,Samegawa,Fukushima,2014,Not Hit,0.445,0.031,114.2,21.38,0.95,4.6,50,34.1
07484,Samegawa,Fukushima,2013,Not Hit,0.441,0.031,114.2,28.47,0.96,4.6,50,34.1
07484,Samegawa,Fukushima,2012,Not Hit,0.442,0.031,114.2,39.88,0.89,4.6,50,34.1
07484,Samegawa,Fukushima,2011,Not Hit,0.429,0.031,114.2,56.61,0.86,4.6,50,34.1
07503,Hirata,Fukushima,2017,Not Hit,0.444,0.056,183.2,3.1,0.95,3.4,50.9,29.7
07503,Hirata,Fukushima,2016,Not Hit,0.445,0.056,183.2,3.1,0.93,3.4,50.9,29.7
07503,Hirata,Fukushima,2014,Not Hit,0.441,0.056,183.2,12.26,0.87,3.4,50.9,29.7
07503,Hirata,Fukushima,2013,Not Hit,0.437,0.056,183.2,16.03,0.86,3.4,50.9,29.7
07503,Hirata,Fukushima,2012,Not Hit,0.437,0.056,183.2,13.21,0.82,3.4,50.9,29.7
07505,Furudono,Fukushima,2017,Not Hit,0.437,0.12,178.9,0,1,3.9,51.4,33.4
07505,Furudono,Fukushima,2016,Not Hit,0.438,0.12,178.9,0,0.99,3.9,51.4,33.4
07505,Furudono,Fukushima,2015,Not Hit,0.437,0.12,178.9,3.14,0.97,3.9,51.4,33.4
07505,Furudono,Fukushima,2014,Not Hit,0.434,0.12,178.9,3.46,0.98,3.9,51.4,33.4
07505,Furudono,Fukushima,2013,Not Hit,0.43,0.12,178.9,0.45,0.96,3.9,51.4,33.4
07505,Furudono,Fukushima,2012,Not Hit,0.43,0.12,178.9,17.87,0.92,3.9,51.4,33.4
07505,Furudono,Fukushima,2011,Not Hit,0.414,0.12,178.9,43.53,0.91,3.9,51.4,33.4
07522,Ono,Fukushima,2017,Not Hit,0.47,0.095,285,0.01,1.06,3.2,51.2,31
07522,Ono,Fukushima,2016,Not Hit,0.472,0.095,285,0.01,1.04,3.2,51.2,31
07522,Ono,Fukushima,2014,Not Hit,0.468,0.095,285,5.36,0.99,3.2,51.2,31
07522,Ono,Fukushima,2013,Not Hit,0.464,0.095,285,23.01,0.97,3.2,51.2,31
07522,Ono,Fukushima,2012,Not Hit,0.464,0.095,285,22.67,0.9,3.2,51.2,31
07541,Hirono,Fukushima,2017,Hit,0.465,0,288.5,42.31,1.72,2.9,36.3,26.2
07541,Hirono,Fukushima,2016,Hit,0.466,0,288.5,42.31,1.69,2.9,36.3,26.2
07541,Hirono,Fukushima,2015,Hit,0.464,0,288.5,43.3,1.52,2.9,36.3,26.2
07541,Hirono,Fukushima,2014,Hit,0.461,0,288.5,141.4,1.49,2.9,36.3,26.2
07541,Hirono,Fukushima,2013,Hit,0.457,0,288.5,99.28,1.37,2.9,36.3,26.2
07541,Hirono,Fukushima,2012,Hit,0.454,0,288.5,148.68,1.19,2.9,36.3,26.2
07561,Shinchi,Fukushima,2017,Hit,0.473,0.133,272.3,55.9,1.1,4.1,49.7,29.9
07561,Shinchi,Fukushima,2016,Hit,0.474,0.133,272.3,55.9,1.06,4.1,49.7,29.9
07561,Shinchi,Fukushima,2014,Hit,0.47,0.133,272.3,10.38,0.96,4.1,49.7,29.9
07561,Shinchi,Fukushima,2013,Hit,0.466,0.133,272.3,276.33,0.93,4.1,49.7,29.9
07561,Shinchi,Fukushima,2012,Hit,0.47,0.133,272.3,250.81,0.81,4.1,49.7,29.9
07561,Shinchi,Fukushima,2011,Hit,0.457,0.133,272.3,154.28,0.89,4.1,49.7,29.9
08201,Mito,Ibaraki,2017,Not Hit,0.406,0.096,1484.6,0.75,1.54,4,51,24.5
08201,Mito,Ibaraki,2016,Not Hit,0.406,0.096,1484.6,0.75,1.51,4,51,24.5
08201,Mito,Ibaraki,2015,Not Hit,0.405,0.096,1484.6,2.49,1.48,4,51,24.5
08201,Mito,Ibaraki,2013,Not Hit,0.404,0.096,1484.6,3.14,1.42,4,51,24.5
08201,Mito,Ibaraki,2012,Not Hit,0.402,0.096,1484.6,9.07,1.39,4,51,24.5
08201,Mito,Ibaraki,2011,Not Hit,0.4,0.096,1484.6,15.38,1.38,4,51,24.5
08202,Hitachi,Ibaraki,2017,Hit,0.383,0.071,1824.8,0.07,1.45,6,50,29.2
08202,Hitachi,Ibaraki,2016,Hit,0.382,0.071,1824.8,0.07,1.44,6,50,29.2
08202,Hitachi,Ibaraki,2015,Hit,0.381,0.071,1824.8,0.01,1.43,6,50,29.2
08202,Hitachi,Ibaraki,2014,Hit,0.38,0.071,1824.8,0.22,1.44,6,50,29.2
08202,Hitachi,Ibaraki,2013,Hit,0.38,0.071,1824.8,3.2,1.46,6,50,29.2
08202,Hitachi,Ibaraki,2012,Hit,0.382,0.071,1824.8,4.65,1.45,6,50,29.2
08202,Hitachi,Ibaraki,2011,Hit,0.38,0.071,1824.8,16.13,1.44,6,50,29.2
08212,Hitachiota,Ibaraki,2017,Not Hit,0.397,0.083,423.2,0.74,1.23,4.3,51.5,33.9
08212,Hitachiota,Ibaraki,2016,Not Hit,0.396,0.083,423.2,0.74,1.23,4.3,51.5,33.9
08212,Hitachiota,Ibaraki,2015,Not Hit,0.395,0.083,423.2,0.4,1.23,4.3,51.5,33.9
08212,Hitachiota,Ibaraki,2014,Not Hit,0.394,0.083,423.2,1.5,1.25,4.3,51.5,33.9
08212,Hitachiota,Ibaraki,2013,Not Hit,0.394,0.083,423.2,4.98,1.26,4.3,51.5,33.9
08212,Hitachiota,Ibaraki,2012,Not Hit,0.395,0.083,423.2,15.85,1.25,4.3,51.5,33.9
08212,Hitachiota,Ibaraki,2011,Not Hit,0.393,0.083,423.2,31.08,1.27,4.3,51.5,33.9
08214,Takahagi,Ibaraki,2017,Hit,0.391,0.176,792.7,23.14,1.19,5.6,50.7,30.6
08214,Takahagi,Ibaraki,2016,Hit,0.39,0.176,792.7,23.14,1.17,5.6,50.7,30.6
08214,Takahagi,Ibaraki,2015,Hit,0.39,0.176,792.7,57.31,1.17,5.6,50.7,30.6
08214,Takahagi,Ibaraki,2014,Hit,0.389,0.176,792.7,2.78,1.16,5.6,50.7,30.6
08214,Takahagi,Ibaraki,2013,Hit,0.389,0.176,792.7,3.85,1.2,5.6,50.7,30.6
08214,Takahagi,Ibaraki,2012,Hit,0.39,0.176,792.7,49.89,1.19,5.6,50.7,30.6
08214,Takahagi,Ibaraki,2011,Hit,0.388,0.176,792.7,35.13,1.21,5.6,50.7,30.6
08215,Kitaibaraki,Ibaraki,2017,Hit,0.374,0.11,749.6,0.27,1.2,4.9,50.5,29.7
08215,Kitaibaraki,Ibaraki,2016,Hit,0.373,0.11,749.6,0.27,1.2,4.9,50.5,29.7
08215,Kitaibaraki,Ibaraki,2015,Hit,0.372,0.11,749.6,0,1.18,4.9,50.5,29.7
08215,Kitaibaraki,Ibaraki,2014,Hit,0.371,0.11,749.6,0.47,1.17,4.9,50.5,29.7
08215,Kitaibaraki,Ibaraki,2013,Hit,0.371,0.11,749.6,3.41,1.18,4.9,50.5,29.7
08215,Kitaibaraki,Ibaraki,2012,Hit,0.373,0.11,749.6,10.88,1.14,4.9,50.5,29.7
08215,Kitaibaraki,Ibaraki,2011,Hit,0.371,0.11,749.6,21.51,1.15,4.9,50.5,29.7
08221,Hitachinaka,Ibaraki,2017,Hit,0.416,0.039,1661,0.02,1.55,4.1,49.7,23.8
08221,Hitachinaka,Ibaraki,2016,Hit,0.416,0.039,1661,0.02,1.53,4.1,49.7,23.8
08221,Hitachinaka,Ibaraki,2015,Hit,0.415,0.039,1661,0,1.5,4.1,49.7,23.8
08221,Hitachinaka,Ibaraki,2013,Hit,0.414,0.039,1661,4.07,1.45,4.1,49.7,23.8
08221,Hitachinaka,Ibaraki,2012,Hit,0.414,0.039,1661,19.51,1.42,4.1,49.7,23.8
08221,Hitachinaka,Ibaraki,2011,Hit,0.413,0.039,1661,11.65,1.41,4.1,49.7,23.8
08222,Kashima,Ibaraki,2017,Hit,0.42,0.051,860.3,1.82,1.37,4.3,48.3,27.6
08222,Kashima,Ibaraki,2016,Hit,0.419,0.051,860.3,1.82,1.34,4.3,48.3,27.6
08222,Kashima,Ibaraki,2015,Hit,0.419,0.051,860.3,1.57,1.3,4.3,48.3,27.6
08222,Kashima,Ibaraki,2013,Hit,0.418,0.051,860.3,30.67,1.27,4.3,48.3,27.6
08222,Kashima,Ibaraki,2012,Hit,0.409,0.051,860.3,28.32,1.25,4.3,48.3,27.6
08222,Kashima,Ibaraki,2011,Hit,0.407,0.051,860.3,26.88,1.26,4.3,48.3,27.6
08223,Itako,Ibaraki,2017,Not Hit,0.399,0.099,580.5,0,1.25,7.8,50.5,28.4
08223,Itako,Ibaraki,2016,Not Hit,0.398,0.099,580.5,0,1.18,7.8,50.5,28.4
08223,Itako,Ibaraki,2015,Not Hit,0.398,0.099,580.5,6.63,1.17,7.8,50.5,28.4
08223,Itako,Ibaraki,2013,Not Hit,0.397,0.099,580.5,43.21,1.14,7.8,50.5,28.4
08223,Itako,Ibaraki,2012,Not Hit,0.388,0.099,580.5,63.18,1.11,7.8,50.5,28.4
08223,Itako,Ibaraki,2011,Not Hit,0.386,0.099,580.5,36.9,1.14,7.8,50.5,28.4
08226,Naka,Ibaraki,2017,Not Hit,0.408,0.123,659.2,0.23,1.3,3.8,51.3,28.9
08226,Naka,Ibaraki,2016,Not Hit,0.408,0.123,659.2,0.23,1.28,3.8,51.3,28.9
08226,Naka,Ibaraki,2015,Not Hit,0.407,0.123,659.2,0.03,1.26,3.8,51.3,28.9
08226,Naka,Ibaraki,2014,Not Hit,0.406,0.123,659.2,0,1.25,3.8,51.3,28.9
08226,Naka,Ibaraki,2013,Not Hit,0.406,0.123,659.2,1.6,1.25,3.8,51.3,28.9
08226,Naka,Ibaraki,2012,Not Hit,0.406,0.123,659.2,22.08,1.23,3.8,51.3,28.9
08226,Naka,Ibaraki,2011,Not Hit,0.404,0.123,659.2,33.24,1.24,3.8,51.3,28.9
08232,Kamisu,Ibaraki,2017,Hit,0.42,0.037,678.2,0,1.49,4.3,48.5,20.7
08232,Kamisu,Ibaraki,2016,Hit,0.42,0.037,678.2,0,1.43,4.3,48.5,20.7
08232,Kamisu,Ibaraki,2015,Hit,0.419,0.037,678.2,0,1.38,4.3,48.5,20.7
08232,Kamisu,Ibaraki,2013,Hit,0.418,0.037,678.2,74.24,1.31,4.3,48.5,20.7
08232,Kamisu,Ibaraki,2012,Hit,0.409,0.037,678.2,46.5,1.29,4.3,48.5,20.7
08232,Kamisu,Ibaraki,2011,Hit,0.407,0.037,678.2,30.55,1.3,4.3,48.5,20.7
08233,Namegata,Ibaraki,2017,Not Hit,0.392,0.078,267.3,0,1.17,3.8,50.7,31.5
08233,Namegata,Ibaraki,2016,Not Hit,0.391,0.078,267.3,0,1.14,3.8,50.7,31.5
08233,Namegata,Ibaraki,2015,Not Hit,0.39,0.078,267.3,0,1.11,3.8,50.7,31.5
08233,Namegata,Ibaraki,2014,Not Hit,0.39,0.078,267.3,2.99,1.08,3.8,50.7,31.5
08233,Namegata,Ibaraki,2013,Not Hit,0.39,0.078,267.3,17.28,1.1,3.8,50.7,31.5
08233,Namegata,Ibaraki,2012,Not Hit,0.381,0.078,267.3,16.41,1.08,3.8,50.7,31.5
08233,Namegata,Ibaraki,2011,Not Hit,0.379,0.078,267.3,33.95,1.08,3.8,50.7,31.5
08234,Hokota,Ibaraki,2017,Hit,0.396,0.099,317.8,0,1.13,4.2,49.5,30.2
08234,Hokota,Ibaraki,2016,Hit,0.396,0.099,317.8,0,1.09,4.2,49.5,30.2
08234,Hokota,Ibaraki,2015,Hit,0.395,0.099,317.8,2.3,1.07,4.2,49.5,30.2
08234,Hokota,Ibaraki,2013,Hit,0.394,0.099,317.8,9.23,1,4.2,49.5,30.2
08234,Hokota,Ibaraki,2012,Hit,0.385,0.099,317.8,16.83,1.02,4.2,49.5,30.2
08234,Hokota,Ibaraki,2011,Hit,0.383,0.099,317.8,33.56,1.01,4.2,49.5,30.2
08236,Omitama,Ibaraki,2017,Not Hit,0.41,0.085,432.2,0,1.25,4.1,49.5,26.4
08236,Omitama,Ibaraki,2016,Not Hit,0.409,0.085,432.2,0,1.28,4.1,49.5,26.4
08236,Omitama,Ibaraki,2015,Not Hit,0.409,0.085,432.2,0,1.26,4.1,49.5,26.4
08236,Omitama,Ibaraki,2014,Not Hit,0.408,0.085,432.2,0,1.2,4.1,49.5,26.4
08236,Omitama,Ibaraki,2013,Not Hit,0.408,0.085,432.2,0,1.19,4.1,49.5,26.4
08236,Omitama,Ibaraki,2012,Not Hit,0.399,0.085,432.2,2.73,1.18,4.1,49.5,26.4
08236,Omitama,Ibaraki,2011,Not Hit,0.393,0.085,432.2,9.19,1.17,4.1,49.5,26.4
08302,Ibaraki,Ibaraki,2017,Not Hit,0.415,0.087,339.6,0,1.2,4.2,50.7,30.8
08302,Ibaraki,Ibaraki,2016,Not Hit,0.414,0.087,339.6,0,1.09,4.2,50.7,30.8
08302,Ibaraki,Ibaraki,2015,Not Hit,0.413,0.087,339.6,0.24,1.09,4.2,50.7,30.8
08302,Ibaraki,Ibaraki,2013,Not Hit,0.412,0.087,339.6,9.79,1.06,4.2,50.7,30.8
08302,Ibaraki,Ibaraki,2012,Not Hit,0.403,0.087,339.6,44.45,1.04,4.2,50.7,30.8
08302,Ibaraki,Ibaraki,2011,Not Hit,0.402,0.087,339.6,25.64,1.05,4.2,50.7,30.8
08309,Oarai,Ibaraki,2017,Hit,0.408,0.074,924.2,0,1.17,5,51,30.5
08309,Oarai,Ibaraki,2016,Hit,0.408,0.074,924.2,0,1.17,5,51,30.5
08309,Oarai,Ibaraki,2015,Hit,0.407,0.074,924.2,0,1.15,5,51,30.5
08309,Oarai,Ibaraki,2013,Hit,0.406,0.074,924.2,3.63,1.13,5,51,30.5
08309,Oarai,Ibaraki,2012,Hit,0.397,0.074,924.2,11.49,1.09,5,51,30.5
08309,Oarai,Ibaraki,2011,Hit,0.396,0.074,924.2,23.38,1.13,5,51,30.5
08341,Tokai,Ibaraki,2017,Hit,0.431,0.094,1143.2,0.65,1.58,3.5,49.5,23.7
08341,Tokai,Ibaraki,2016,Hit,0.43,0.094,1143.2,0.65,1.55,3.5,49.5,23.7
08341,Tokai,Ibaraki,2015,Hit,0.429,0.094,1143.2,0,1.53,3.5,49.5,23.7
08341,Tokai,Ibaraki,2013,Hit,0.428,0.094,1143.2,10.04,1.5,3.5,49.5,23.7
08341,Tokai,Ibaraki,2012,Hit,0.429,0.094,1143.2,9.08,1.5,3.5,49.5,23.7
08341,Tokai,Ibaraki,2011,Hit,0.427,0.094,1143.2,31.33,1.47,3.5,49.5,23.7
12100,Chiba,Chiba,2017,Not Hit,0.339,0.002,4400.2,0.06,1.74,4.4,50.3,24.5
12100,Chiba,Chiba,2016,Not Hit,0.339,0.002,4400.2,0.06,1.71,4.4,50.3,24.5
12100,Chiba,Chiba,2014,Not Hit,0.338,0.002,4400.2,0.04,1.62,4.4,50.3,24.5
12100,Chiba,Chiba,2013,Not Hit,0.338,0.002,4400.2,0.01,1.61,4.4,50.3,24.5
12100,Chiba,Chiba,2012,Not Hit,0.34,0.002,4400.2,0.56,1.59,4.4,50.3,24.5
12202,Choshi,Chiba,2017,Hit,0.316,0.03,928.2,1.4,1.29,4.8,51.9,33.6
12202,Choshi,Chiba,2016,Hit,0.316,0.03,928.2,1.4,1.23,4.8,51.9,33.6
12202,Choshi,Chiba,2015,Hit,0.317,0.03,928.2,0,1.2,4.8,51.9,33.6
12202,Choshi,Chiba,2014,Hit,0.315,0.03,928.2,4.04,1.23,4.8,51.9,33.6
12202,Choshi,Chiba,2013,Hit,0.315,0.03,928.2,2.07,1.25,4.8,51.9,33.6
12202,Choshi,Chiba,2012,Hit,0.32,0.03,928.2,6.09,1.24,4.8,51.9,33.6
12203,Ichikawa,Chiba,2017,Hit,0.317,0.001,8596.2,0,1.95,3.7,49.6,21.7
12203,Ichikawa,Chiba,2016,Hit,0.318,0.001,8596.2,0,1.91,3.7,49.6,21.7
12203,Ichikawa,Chiba,2014,Hit,0.316,0.001,8596.2,0.02,1.85,3.7,49.6,21.7
12203,Ichikawa,Chiba,2013,Hit,0.316,0.001,8596.2,0.04,1.8,3.7,49.6,21.7
12203,Ichikawa,Chiba,2012,Hit,0.315,0.001,8596.2,0.15,1.77,3.7,49.6,21.7
12204,Funabashi,Chiba,2017,Hit,0.331,0.006,7707.1,0,1.77,3.9,50,22.9
12204,Funabashi,Chiba,2016,Hit,0.331,0.006,7707.1,0,1.74,3.9,50,22.9
12204,Funabashi,Chiba,2014,Hit,0.329,0.006,7707.1,0.15,1.67,3.9,50,22.9
12204,Funabashi,Chiba,2013,Hit,0.33,0.006,7707.1,0.16,1.64,3.9,50,22.9
12204,Funabashi,Chiba,2012,Hit,0.333,0.006,7707.1,0.8,1.63,3.9,50,22.9
12205,Tateyama,Chiba,2017,Hit,0.36,0,765.9,0.33,1.16,4.1,52,36.8
12205,Tateyama,Chiba,2016,Hit,0.36,0,765.9,0.33,1.15,4.1,52,36.8
12205,Tateyama,Chiba,2014,Hit,0.359,0,765.9,0.5,1.13,4.1,52,36.8
12205,Tateyama,Chiba,2013,Hit,0.359,0,765.9,0.6,1.17,4.1,52,36.8
12205,Tateyama,Chiba,2012,Hit,0.363,0,765.9,0.3,1.15,4.1,52,36.8
12205,Tateyama,Chiba,2011,Hit,0.362,0,765.9,0.55,1.17,4.1,52,36.8
12206,Kisarazu,Chiba,2017,Not Hit,0.37,0,1402,0.34,1.48,4.1,49.7,25.9
12206,Kisarazu,Chiba,2016,Not Hit,0.37,0,1402,0.34,1.45,4.1,49.7,25.9
12206,Kisarazu,Chiba,2014,Not Hit,0.369,0,1402,1.97,1.37,4.1,49.7,25.9
12206,Kisarazu,Chiba,2013,Not Hit,0.369,0,1402,0.83,1.36,4.1,49.7,25.9
12206,Kisarazu,Chiba,2012,Not Hit,0.372,0,1402,0.08,1.35,4.1,49.7,25.9
12206,Kisarazu,Chiba,2011,Not Hit,0.372,0,1402,0,1.33,4.1,49.7,25.9
12207,Matsudo,Chiba,2017,Not Hit,0.337,0.003,8143.5,0.01,1.71,4.3,50.2,25.2
12207,Matsudo,Chiba,2016,Not Hit,0.337,0.003,8143.5,0.01,1.68,4.3,50.2,25.2
12207,Matsudo,Chiba,2014,Not Hit,0.336,0.003,8143.5,0.02,1.63,4.3,50.2,25.2
12207,Matsudo,Chiba,2013,Not Hit,0.336,0.003,8143.5,0.08,1.59,4.3,50.2,25.2
12207,Matsudo,Chiba,2012,Not Hit,0.338,0.003,8143.5,2.38,1.6,4.3,50.2,25.2
12210,Mobara,Chiba,2017,Not Hit,0.352,0,1079.9,0.11,1.35,4.6,50.8,29.8
12210,Mobara,Chiba,2016,Not Hit,0.352,0,1079.9,0.11,1.33,4.6,50.8,29.8
12210,Mobara,Chiba,2015,Not Hit,0.352,0,1079.9,0.03,1.31,4.6,50.8,29.8
12210,Mobara,Chiba,2014,Not Hit,0.351,0,1079.9,0.24,1.3,4.6,50.8,29.8
12210,Mobara,Chiba,2013,Not Hit,0.351,0,1079.9,1.71,1.3,4.6,50.8,29.8
12210,Mobara,Chiba,2012,Not Hit,0.357,0,1079.9,0.09,1.33,4.6,50.8,29.8
12213,Togane,Chiba,2017,Not Hit,0.331,0.002,855,0.59,1.24,5.2,50.2,25.4
12213,Togane,Chiba,2016,Not Hit,0.331,0.002,855,0.59,1.23,5.2,50.2,25.4
12213,Togane,Chiba,2015,Not Hit,0.332,0.002,855,0,1.2,5.2,50.2,25.4
12213,Togane,Chiba,2014,Not Hit,0.33,0.002,855,0.14,1.2,5.2,50.2,25.4
12213,Togane,Chiba,2013,Not Hit,0.33,0.002,855,0.31,1.18,5.2,50.2,25.4
12213,Togane,Chiba,2012,Not Hit,0.336,0.002,855,0,1.19,5.2,50.2,25.4
12215,Asahi,Chiba,2017,Hit,0.351,0.037,568.4,0.16,1.26,4.8,51,28.1
12215,Asahi,Chiba,2016,Hit,0.351,0.037,568.4,0.16,1.22,4.8,51,28.1
12215,Asahi,Chiba,2015,Hit,0.351,0.037,568.4,0,1.17,4.8,51,28.1
12215,Asahi,Chiba,2014,Hit,0.35,0.037,568.4,0.43,1.17,4.8,51,28.1
12215,Asahi,Chiba,2013,Hit,0.35,0.037,568.4,0.65,1.16,4.8,51,28.1
12215,Asahi,Chiba,2012,Hit,0.354,0.037,568.4,6.54,1.15,4.8,51,28.1
12215,Asahi,Chiba,2011,Hit,0.354,0.037,568.4,15.37,1.15,4.8,51,28.1
12216,Narashino,Chiba,2017,Hit,0.343,0.025,8033.9,13.89,1.87,4.4,49.8,22.3
12216,Narashino,Chiba,2016,Hit,0.343,0.025,8033.9,13.89,1.84,4.4,49.8,22.3
12216,Narashino,Chiba,2014,Hit,0.342,0.025,8033.9,9.03,1.72,4.4,49.8,22.3
12216,Narashino,Chiba,2013,Hit,0.342,0.025,8033.9,2.24,1.64,4.4,49.8,22.3
12216,Narashino,Chiba,2012,Hit,0.342,0.025,8033.9,2.84,1.64,4.4,49.8,22.3
12218,Katsuura,Chiba,2017,Hit,0.347,0,538.7,2.58,0.98,5.1,48.3,37.7
12218,Katsuura,Chiba,2016,Hit,0.347,0,538.7,2.58,0.98,5.1,48.3,37.7
12218,Katsuura,Chiba,2015,Hit,0.347,0,538.7,1.21,0.98,5.1,48.3,37.7
12218,Katsuura,Chiba,2014,Hit,0.345,0,538.7,3.68,0.99,5.1,48.3,37.7
12218,Katsuura,Chiba,2013,Hit,0.346,0,538.7,0.8,1.01,5.1,48.3,37.7
12218,Katsuura,Chiba,2012,Hit,0.352,0,538.7,1.19,1.01,5.1,48.3,37.7
12218,Katsuura,Chiba,2011,Hit,0.351,0,538.7,1.55,1.04,5.1,48.3,37.7
12219,Ichihara,Chiba,2017,Hit,0.352,0,1177.5,1.62,1.5,4.2,48.6,25.8
12219,Ichihara,Chiba,2016,Hit,0.353,0,1177.5,1.62,1.47,4.2,48.6,25.8
12219,Ichihara,Chiba,2014,Hit,0.351,0,1177.5,0.66,1.44,4.2,48.6,25.8
12219,Ichihara,Chiba,2013,Hit,0.351,0,1177.5,1.11,1.45,4.2,48.6,25.8
12219,Ichihara,Chiba,2012,Hit,0.354,0,1177.5,0.06,1.46,4.2,48.6,25.8
12221,Yachiyo,Chiba,2017,Not Hit,0.355,0.006,4247,0,1.66,3.7,50.7,24.3
12221,Yachiyo,Chiba,2016,Not Hit,0.355,0.006,4247,0,1.62,3.7,50.7,24.3
12221,Yachiyo,Chiba,2014,Not Hit,0.354,0.006,4247,0.01,1.56,3.7,50.7,24.3
12221,Yachiyo,Chiba,2013,Not Hit,0.354,0.006,4247,0.01,1.54,3.7,50.7,24.3
12221,Yachiyo,Chiba,2012,Not Hit,0.354,0.006,4247,0.23,1.54,3.7,50.7,24.3
12223,Kamogawa,Chiba,2017,Hit,0.37,0,474.7,1.05,1.21,3.1,52.6,36.2
12223,Kamogawa,Chiba,2016,Hit,0.37,0,474.7,1.05,1.2,3.1,52.6,36.2
12223,Kamogawa,Chiba,2015,Hit,0.371,0,474.7,0.27,1.23,3.1,52.6,36.2
12223,Kamogawa,Chiba,2014,Hit,0.369,0,474.7,2.2,1.22,3.1,52.6,36.2
12223,Kamogawa,Chiba,2013,Hit,0.369,0,474.7,0.57,1.22,3.1,52.6,36.2
12223,Kamogawa,Chiba,2012,Hit,0.373,0,474.7,1.43,1.2,3.1,52.6,36.2
12223,Kamogawa,Chiba,2011,Hit,0.372,0,474.7,0.59,1.23,3.1,52.6,36.2
12224,Kamagaya,Chiba,2017,Not Hit,0.344,0.01,5526,0,1.52,4.8,50.9,26.7
12224,Kamagaya,Chiba,2016,Not Hit,0.345,0.01,5526,0,1.49,4.8,50.9,26.7
12224,Kamagaya,Chiba,2014,Not Hit,0.343,0.01,5526,0,1.46,4.8,50.9,26.7
12224,Kamagaya,Chiba,2013,Not Hit,0.343,0.01,5526,0,1.43,4.8,50.9,26.7
12224,Kamagaya,Chiba,2012,Not Hit,0.345,0.01,5526,0.09,1.44,4.8,50.9,26.7
12225,Kimitsu,Chiba,2017,Hit,0.365,0,773.2,0.89,1.45,3.6,49.3,28.3
12225,Kimitsu,Chiba,2016,Hit,0.365,0,773.2,0.89,1.44,3.6,49.3,28.3
12225,Kimitsu,Chiba,2015,Hit,0.366,0,773.2,0.35,1.42,3.6,49.3,28.3
12225,Kimitsu,Chiba,2014,Hit,0.364,0,773.2,3.32,1.4,3.6,49.3,28.3
12225,Kimitsu,Chiba,2013,Hit,0.364,0,773.2,1.93,1.41,3.6,49.3,28.3
12225,Kimitsu,Chiba,2012,Hit,0.368,0,773.2,0.26,1.42,3.6,49.3,28.3
12225,Kimitsu,Chiba,2011,Hit,0.367,0,773.2,0.87,1.43,3.6,49.3,28.3
12226,Futtsu,Chiba,2017,Hit,0.356,0,565,0.33,1.25,4.2,49.6,34.4
12226,Futtsu,Chiba,2016,Hit,0.356,0,565,0.33,1.24,4.2,49.6,34.4
12226,Futtsu,Chiba,2015,Hit,0.356,0,565,0.63,1.22,4.2,49.6,34.4
12226,Futtsu,Chiba,2014,Hit,0.354,0,565,3.18,1.21,4.2,49.6,34.4
12226,Futtsu,Chiba,2013,Hit,0.355,0,565,1.09,1.22,4.2,49.6,34.4
12226,Futtsu,Chiba,2012,Hit,0.358,0,565,0.09,1.22,4.2,49.6,34.4
12226,Futtsu,Chiba,2011,Hit,0.354,0,565,1.58,1.24,4.2,49.6,34.4
12227,Urayasu,Chiba,2017,Hit,0.344,0.03,9481.2,45.65,2.42,3,50.6,15.8
12227,Urayasu,Chiba,2016,Hit,0.344,0.03,9481.2,45.65,2.34,3,50.6,15.8
12227,Urayasu,Chiba,2014,Hit,0.343,0.03,9481.2,24.96,2.28,3,50.6,15.8
12227,Urayasu,Chiba,2013,Hit,0.343,0.03,9481.2,22.36,2.18,3,50.6,15.8
12227,Urayasu,Chiba,2012,Hit,0.342,0.03,9481.2,42.79,2.2,3,50.6,15.8
12229,Sodegaura,Chiba,2017,Hit,0.35,0,808.2,0.16,1.48,3.7,49.7,24.8
12229,Sodegaura,Chiba,2016,Hit,0.35,0,808.2,0.16,1.45,3.7,49.7,24.8
12229,Sodegaura,Chiba,2015,Hit,0.351,0,808.2,0.28,1.42,3.7,49.7,24.8
12229,Sodegaura,Chiba,2014,Hit,0.349,0,808.2,0.38,1.4,3.7,49.7,24.8
12229,Sodegaura,Chiba,2013,Hit,0.349,0,808.2,1.73,1.39,3.7,49.7,24.8
12229,Sodegaura,Chiba,2012,Hit,0.353,0,808.2,0.09,1.39,3.7,49.7,24.8
12230,Yachimata,Chiba,2017,Not Hit,0.316,0.001,1128,0.24,1.22,4.8,49.7,25.6
12230,Yachimata,Chiba,2016,Not Hit,0.317,0.001,1128,0.24,1.2,4.8,49.7,25.6
12230,Yachimata,Chiba,2015,Not Hit,0.317,0.001,1128,0,1.19,4.8,49.7,25.6
12230,Yachimata,Chiba,2014,Not Hit,0.315,0.001,1128,0.27,1.17,4.8,49.7,25.6
12230,Yachimata,Chiba,2013,Not Hit,0.315,0.001,1128,0.08,1.17,4.8,49.7,25.6
12230,Yachimata,Chiba,2012,Not Hit,0.318,0.001,1128,0,1.19,4.8,49.7,25.6
12232,Shiroi,Chiba,2017,Not Hit,0.351,0.007,2051,0.06,1.66,4.2,50.3,23.3
12232,Shiroi,Chiba,2016,Not Hit,0.351,0.007,2051,0.06,1.63,4.2,50.3,23.3
12232,Shiroi,Chiba,2014,Not Hit,0.35,0.007,2051,0.17,1.6,4.2,50.3,23.3
12232,Shiroi,Chiba,2013,Not Hit,0.35,0.007,2051,0.66,1.61,4.2,50.3,23.3
12232,Shiroi,Chiba,2012,Not Hit,0.352,0.007,2051,4.72,1.58,4.2,50.3,23.3
12233,Tomisato,Chiba,2017,Not Hit,0.353,0.012,1062.4,0.19,1.35,5,49.3,24.5
12233,Tomisato,Chiba,2016,Not Hit,0.353,0.012,1062.4,0.19,1.31,5,49.3,24.5
12233,Tomisato,Chiba,2015,Not Hit,0.353,0.012,1062.4,0,1.28,5,49.3,24.5
12233,Tomisato,Chiba,2014,Not Hit,0.351,0.012,1062.4,2.16,1.28,5,49.3,24.5
12233,Tomisato,Chiba,2013,Not Hit,0.352,0.012,1062.4,0.91,1.31,5,49.3,24.5
12233,Tomisato,Chiba,2012,Not Hit,0.353,0.012,1062.4,0.95,1.27,5,49.3,24.5
12233,Tomisato,Chiba,2011,Not Hit,0.349,0.012,1062.4,1.91,1.3,5,49.3,24.5
12234,Minamiboso,Chiba,2017,Hit,0.362,0,368.9,1.23,1.01,3.3,52.5,43.1
12234,Minamiboso,Chiba,2016,Hit,0.362,0,368.9,1.23,1,3.3,52.5,43.1
12234,Minamiboso,Chiba,2015,Hit,0.363,0,368.9,0.86,0.99,3.3,52.5,43.1
12234,Minamiboso,Chiba,2014,Hit,0.361,0,368.9,3.59,1.01,3.3,52.5,43.1
12234,Minamiboso,Chiba,2013,Hit,0.362,0,368.9,2.55,1.02,3.3,52.5,43.1
12234,Minamiboso,Chiba,2012,Hit,0.365,0,368.9,0.43,1.03,3.3,52.5,43.1
12234,Minamiboso,Chiba,2011,Hit,0.36,0,368.9,1.53,1.06,3.3,52.5,43.1
12235,Sosa,Chiba,2017,Hit,0.355,0.043,430.7,0.95,1.17,4.1,51.2,31.9
12235,Sosa,Chiba,2016,Hit,0.355,0.043,430.7,0.95,1.16,4.1,51.2,31.9
12235,Sosa,Chiba,2014,Hit,0.353,0.043,430.7,0.46,1.15,4.1,51.2,31.9
12235,Sosa,Chiba,2013,Hit,0.354,0.043,430.7,1.21,1.15,4.1,51.2,31.9
12235,Sosa,Chiba,2012,Hit,0.358,0.043,430.7,0,1.14,4.1,51.2,31.9
12235,Sosa,Chiba,2011,Hit,0.358,0.043,430.7,3.01,1.14,4.1,51.2,31.9
12236,Katori,Chiba,2017,Not Hit,0.336,0.024,372.4,0.68,1.22,4,50.8,33
12236,Katori,Chiba,2016,Not Hit,0.336,0.024,372.4,0.68,1.19,4,50.8,33
12236,Katori,Chiba,2015,Not Hit,0.336,0.024,372.4,2.04,1.17,4,50.8,33
12236,Katori,Chiba,2014,Not Hit,0.335,0.024,372.4,9.19,1.18,4,50.8,33
12236,Katori,Chiba,2013,Not Hit,0.335,0.024,372.4,38.91,1.2,4,50.8,33
12236,Katori,Chiba,2012,Not Hit,0.34,0.024,372.4,40.2,1.17,4,50.8,33
12237,Sammu,Chiba,2017,Hit,0.353,0.006,511.7,0.85,1.17,5.5,50.4,30.9
12237,Sammu,Chiba,2016,Hit,0.353,0.006,511.7,0.85,1.15,5.5,50.4,30.9
12237,Sammu,Chiba,2014,Hit,0.352,0.006,511.7,0.29,1.13,5.5,50.4,30.9
12237,Sammu,Chiba,2013,Hit,0.352,0.006,511.7,0.68,1.14,5.5,50.4,30.9
12237,Sammu,Chiba,2012,Hit,0.358,0.006,511.7,0.01,1.14,5.5,50.4,30.9
12237,Sammu,Chiba,2011,Hit,0.358,0.006,511.7,6.82,1.16,5.5,50.4,30.9
12238,Isumi,Chiba,2017,Hit,0.349,0.001,408.5,0.72,1.09,5.3,51.5,38
12238,Isumi,Chiba,2016,Hit,0.349,0.001,408.5,0.72,1.08,5.3,51.5,38
12238,Isumi,Chiba,2014,Hit,0.348,0.001,408.5,2.04,1.09,5.3,51.5,38
12238,Isumi,Chiba,2013,Hit,0.348,0.001,408.5,0.96,1.1,5.3,51.5,38
12238,Isumi,Chiba,2012,Hit,0.354,0.001,408.5,1.35,1.12,5.3,51.5,38
12238,Isumi,Chiba,2011,Hit,0.354,0.001,408.5,1.11,1.15,5.3,51.5,38
12347,Tako,Chiba,2017,Not Hit,0.362,0.065,273,0.1,1.21,4.3,50.2,33.5
12347,Tako,Chiba,2016,Not Hit,0.362,0.065,273,0.1,1.18,4.3,50.2,33.5
12347,Tako,Chiba,2015,Not Hit,0.363,0.065,273,0,1.15,4.3,50.2,33.5
12347,Tako,Chiba,2014,Not Hit,0.361,0.065,273,0.07,1.15,4.3,50.2,33.5
12347,Tako,Chiba,2013,Not Hit,0.361,0.065,273,3.31,1.17,4.3,50.2,33.5
12347,Tako,Chiba,2012,Not Hit,0.366,0.065,273,0.06,1.15,4.3,50.2,33.5
12347,Tako,Chiba,2011,Not Hit,0.366,0.065,273,2.88,1.24,4.3,50.2,33.5
12349,Tonosho,Chiba,2017,Not Hit,0.366,0.129,361.5,0,1.19,4.1,50.7,34.1
12349,Tonosho,Chiba,2016,Not Hit,0.366,0.129,361.5,0,1.18,4.1,50.7,34.1
12349,Tonosho,Chiba,2015,Not Hit,0.366,0.129,361.5,0,1.16,4.1,50.7,34.1
12349,Tonosho,Chiba,2014,Not Hit,0.364,0.129,361.5,0,1.17,4.1,50.7,34.1
12349,Tonosho,Chiba,2013,Not Hit,0.365,0.129,361.5,0,1.17,4.1,50.7,34.1
12349,Tonosho,Chiba,2012,Not Hit,0.369,0.129,361.5,1.22,1.15,4.1,50.7,34.1
12349,Tonosho,Chiba,2011,Not Hit,0.369,0.129,361.5,19.73,1.16,4.1,50.7,34.1
12403,Kujukuri,Chiba,2017,Hit,0.324,0.002,711.6,0.39,1.07,5.7,51.3,35
12403,Kujukuri,Chiba,2016,Hit,0.324,0.002,711.6,0.39,1.06,5.7,51.3,35
12403,Kujukuri,Chiba,2015,Hit,0.325,0.002,711.6,0,1.05,5.7,51.3,35
12403,Kujukuri,Chiba,2014,Hit,0.323,0.002,711.6,0,1.06,5.7,51.3,35
12403,Kujukuri,Chiba,2013,Hit,0.323,0.002,711.6,5.19,1.07,5.7,51.3,35
12403,Kujukuri,Chiba,2012,Hit,0.329,0.002,711.6,1.82,1.07,5.7,51.3,35
12409,Shibayama,Chiba,2017,Not Hit,0.339,0.012,254.6,0,1.33,3.5,50.9,32.7
12409,Shibayama,Chiba,2016,Not Hit,0.34,0.012,254.6,0,1.26,3.5,50.9,32.7
12409,Shibayama,Chiba,2015,Not Hit,0.34,0.012,254.6,0,1.22,3.5,50.9,32.7
12409,Shibayama,Chiba,2014,Not Hit,0.338,0.012,254.6,0,1.2,3.5,50.9,32.7
12409,Shibayama,Chiba,2013,Not Hit,0.338,0.012,254.6,4.59,1.17,3.5,50.9,32.7
12409,Shibayama,Chiba,2012,Not Hit,0.345,0.012,254.6,1.91,1.19,3.5,50.9,32.7
12410,Yokoshibahikari,Chiba,2017,Hit,0.344,0.011,421,1.42,1.13,3.8,51.2,33.7
12410,Yokoshibahikari,Chiba,2016,Hit,0.344,0.011,421,1.42,1.15,3.8,51.2,33.7
12410,Yokoshibahikari,Chiba,2015,Hit,0.344,0.011,421,0,1.09,3.8,51.2,33.7
12410,Yokoshibahikari,Chiba,2014,Hit,0.343,0.011,421,0,1.08,3.8,51.2,33.7
12410,Yokoshibahikari,Chiba,2013,Hit,0.343,0.011,421,0.45,1.2,3.8,51.2,33.7
12410,Yokoshibahikari,Chiba,2012,Hit,0.347,0.011,421,0.2,1.07,3.8,51.2,33.7
12421,Ichinomiya,Chiba,2017,Hit,0.365,0.001,695.4,0.42,1.38,4.5,51.4,31.5
12421,Ichinomiya,Chiba,2016,Hit,0.365,0.001,695.4,0.42,1.29,4.5,51.4,31.5
12421,Ichinomiya,Chiba,2015,Hit,0.365,0.001,695.4,0,1.24,4.5,51.4,31.5
12421,Ichinomiya,Chiba,2014,Hit,0.364,0.001,695.4,0.9,1.25,4.5,51.4,31.5
12421,Ichinomiya,Chiba,2013,Hit,0.364,0.001,695.4,0.78,1.24,4.5,51.4,31.5
12421,Ichinomiya,Chiba,2012,Hit,0.37,0.001,695.4,0,1.24,4.5,51.4,31.5
12421,Ichinomiya,Chiba,2011,Hit,0.366,0.001,695.4,0.25,1.26,4.5,51.4,31.5
12422,Mutsuzawa,Chiba,2017,Not Hit,0.351,0.001,325.2,1.34,1.7,5.2,52.4,37.3
12422,Mutsuzawa,Chiba,2016,Not Hit,0.351,0.001,325.2,1.34,1.08,5.2,52.4,37.3
12422,Mutsuzawa,Chiba,2015,Not Hit,0.351,0.001,325.2,0.06,1.06,5.2,52.4,37.3
12422,Mutsuzawa,Chiba,2014,Not Hit,0.349,0.001,325.2,4.37,1.07,5.2,52.4,37.3
12422,Mutsuzawa,Chiba,2013,Not Hit,0.35,0.001,325.2,6.11,1.09,5.2,52.4,37.3
12422,Mutsuzawa,Chiba,2012,Not Hit,0.356,0.001,325.2,0.68,1.15,5.2,52.4,37.3
12422,Mutsuzawa,Chiba,2011,Not Hit,0.352,0.001,325.2,0.21,1.16,5.2,52.4,37.3
12423,Chosei,Chiba,2017,Hit,0.356,0,540.2,0.94,1.19,6.7,50.9,30.8
12423,Chosei,Chiba,2016,Hit,0.356,0,540.2,0.94,1.19,6.7,50.9,30.8
12423,Chosei,Chiba,2015,Hit,0.356,0,540.2,0.5,1.14,6.7,50.9,30.8
12423,Chosei,Chiba,2014,Hit,0.355,0,540.2,0.39,1.14,6.7,50.9,30.8
12423,Chosei,Chiba,2013,Hit,0.355,0,540.2,0,1.15,6.7,50.9,30.8
12423,Chosei,Chiba,2012,Hit,0.361,0,540.2,0.05,1.17,6.7,50.9,30.8
12423,Chosei,Chiba,2011,Hit,0.357,0,540.2,0.01,1.17,6.7,50.9,30.8
12424,Shirako,Chiba,2017,Hit,0.346,0,434.2,2.56,1.12,6,50.6,36.6
12424,Shirako,Chiba,2016,Hit,0.346,0,434.2,2.56,1.12,6,50.6,36.6
12424,Shirako,Chiba,2015,Hit,0.347,0,434.2,0,1.12,6,50.6,36.6
12424,Shirako,Chiba,2014,Hit,0.345,0,434.2,0.18,1.12,6,50.6,36.6
12424,Shirako,Chiba,2013,Hit,0.345,0,434.2,0.19,1.14,6,50.6,36.6
12424,Shirako,Chiba,2012,Hit,0.351,0,434.2,0,1.16,6,50.6,36.6
12424,Shirako,Chiba,2011,Hit,0.347,0,434.2,0,1.18,6,50.6,36.6
12426,Nagara,Chiba,2017,Not Hit,0.356,0,283.7,0,1.19,5.3,51.1,37.4
12426,Nagara,Chiba,2016,Not Hit,0.356,0,283.7,0,1.19,5.3,51.1,37.4
12426,Nagara,Chiba,2015,Not Hit,0.357,0,283.7,0,1.18,5.3,51.1,37.4
12426,Nagara,Chiba,2014,Not Hit,0.355,0,283.7,0,1.18,5.3,51.1,37.4
12426,Nagara,Chiba,2013,Not Hit,0.355,0,283.7,1.92,1.19,5.3,51.1,37.4
12426,Nagara,Chiba,2012,Not Hit,0.361,0,283.7,0,1.2,5.3,51.1,37.4
12426,Nagara,Chiba,2011,Not Hit,0.357,0,283.7,0,1.21,5.3,51.1,37.4
12427,Chonan,Chiba,2017,Not Hit,0.349,0,237.9,0,1.14,5,51.2,37.6
12427,Chonan,Chiba,2016,Not Hit,0.349,0,237.9,0,1.15,5,51.2,37.6
12427,Chonan,Chiba,2015,Not Hit,0.349,0,237.9,0.77,1.14,5,51.2,37.6
12427,Chonan,Chiba,2014,Not Hit,0.348,0,237.9,9.36,1.18,5,51.2,37.6
12427,Chonan,Chiba,2013,Not Hit,0.348,0,237.9,8.91,1.23,5,51.2,37.6
12427,Chonan,Chiba,2012,Not Hit,0.354,0,237.9,0.43,1.26,5,51.2,37.6
12427,Chonan,Chiba,2011,Not Hit,0.35,0,237.9,0,1.29,5,51.2,37.6
12441,Otaki,Chiba,2017,Not Hit,0.359,0,239.3,1.9,0.97,4.8,52.2,39.3
12441,Otaki,Chiba,2016,Not Hit,0.359,0,239.3,1.9,1,4.8,52.2,39.3
12441,Otaki,Chiba,2015,Not Hit,0.36,0,239.3,0,0.99,4.8,52.2,39.3
12441,Otaki,Chiba,2014,Not Hit,0.358,0,239.3,1.27,1.02,4.8,52.2,39.3
12441,Otaki,Chiba,2013,Not Hit,0.358,0,239.3,2.07,1.05,4.8,52.2,39.3
12441,Otaki,Chiba,2012,Not Hit,0.364,0,239.3,0.73,1.06,4.8,52.2,39.3
12441,Otaki,Chiba,2011,Not Hit,0.364,0,239.3,0.64,1.06,4.8,52.2,39.3
12443,Onjuku,Chiba,2017,Hit,0.352,0,624.1,2.1,1.12,4.6,53,47.5
12443,Onjuku,Chiba,2016,Hit,0.352,0,624.1,2.1,1.07,4.6,53,47.5
12443,Onjuku,Chiba,2015,Hit,0.353,0,624.1,0,1.07,4.6,53,47.5
12443,Onjuku,Chiba,2014,Hit,0.351,0,624.1,2.66,1.11,4.6,53,47.5
12443,Onjuku,Chiba,2013,Hit,0.351,0,624.1,1.42,1.07,4.6,53,47.5
12443,Onjuku,Chiba,2012,Hit,0.357,0,624.1,0.12,1.35,4.6,53,47.5
12443,Onjuku,Chiba,2011,Hit,0.357,0,624.1,7.62,1.09,4.6,53,47.5
12463,Kyonan,Chiba,2017,Hit,0.36,0,411.4,0.76,1.04,3.2,52.2,43.5
12463,Kyonan,Chiba,2016,Hit,0.36,0,411.4,0.76,1.03,3.2,52.2,43.5
12463,Kyonan,Chiba,2015,Hit,0.36,0,411.4,1.05,1.02,3.2,52.2,43.5
12463,Kyonan,Chiba,2014,Hit,0.359,0,411.4,7.58,1.05,3.2,52.2,43.5
12463,Kyonan,Chiba,2013,Hit,0.359,0,411.4,2.9,1.04,3.2,52.2,43.5
12463,Kyonan,Chiba,2012,Hit,0.363,0,411.4,8.01,1.07,3.2,52.2,43.5
12463,Kyonan,Chiba,2011,Hit,0.358,0,411.4,0.89,1.09,3.2,52.2,43.5
