df,ci_0.5,ci_2.5,ci_80,ci_90,ci_95,ci_97.5,ci_98,ci_99,ci_99.5,ci_99.8,ci_99.9
1,3.9270422220515896e-5,9.820691171752562e-4,1.6423744151498156,2.7055434540954155,3.841458820694124,5.023886187314885,5.41189443105434,6.634896601021213,7.879438576622412,9.549535706083242,10.82756617066273
2,0.010025083647088564,0.05063561596857975,3.2188758248682015,4.605170185988092,5.99146454710798,7.377758908227871,7.82404601085629,9.210340371976182,10.59663473309607,12.429216196844381,13.815510557964272
3,0.07172177458649198,0.21579528262389788,4.641627676087445,6.2513886311703235,7.814727903251179,9.348403604496145,9.837409311192593,11.34486673014437,12.83815646659865,14.795517054552386,16.26623619623813
4,0.20698909349618205,0.48441855708792975,5.988616694004245,7.77944033973486,9.487729036781154,11.143286781877798,11.667843403834778,13.276704135987622,14.860259000560244,16.923758195804655,18.46682695290317
5,0.41174190383249887,0.8312116134866625,7.2892761266489625,9.23635689978112,11.070497693516351,12.832501994030025,13.388222599036343,15.086272469388987,16.749602343639044,18.907377379861238,20.515005652432876
6,0.6757267774554666,1.2373442457912027,8.558059720250668,10.644640675668422,12.591587243743978,14.449375335447916,15.03320775121896,16.811893829770927,18.547584178511087,20.791167717230753,22.457744484825323
7,0.9892556831329503,1.6898691806773545,9.803249900240838,12.017036623780529,14.067140449340167,16.012764274629323,16.62242187111087,18.47530690658236,20.277739874962624,22.600670862174578,24.321886347856854
8,1.3444130870148103,2.1797307472526497,11.030091430303111,13.361566136511728,15.50731305586545,17.534546139484647,18.168230764826358,20.09023502966323,21.95495499065953,24.352081352360614,26.12448155837614
9,1.7349329049966602,2.700389499980358,12.24214546984707,14.683656573259839,16.918977604620444,19.022767798641635,19.67901609485455,21.665994333461924,23.589350781257384,26.05643334516414,27.877164871256568
10,2.155856481304639,3.2469727802368413,13.441957574973113,15.987179172105263,18.307038053275146,20.483177350807395,21.160767541304686,23.209251158954356,25.18817957197117,27.721647227459645,29.588298445074418
11,2.6032218905151123,3.8157482522360984,14.631420508892504,17.275008517500073,19.67513757268249,21.920049261021205,22.617940805565947,24.724970311318284,26.75684891646963,29.35363760645022,31.26413362023999
12,3.0738236380893333,4.4037885069817015,15.811986221896952,18.549347786703244,21.026069817483062,23.336664158645334,24.053956690175994,26.216967305535846,28.299518822046025,30.9569605301519,32.90949040736021
13,3.565034579729539,5.008750511810331,16.984797018243096,19.811929307127564,22.362032494826934,24.735604884931536,25.471509144682255,27.688249610457046,29.81947122365322,32.53521450969057,34.52817897487089
14,4.074674957399342,5.628726103039733,18.1507705624085,21.064144212997057,23.684791304840573,26.11894804503737,26.872764642314312,29.141237740672793,31.31934962259529,34.09130098231032,36.12327368039814
15,4.60091557172734,6.262137795043251,19.310657110590913,22.30712958157869,24.995790139728626,27.48839286344298,28.259496337433017,30.57791416689249,32.80132064579184,35.62760013125351,37.69729821835382
16,5.142205443043693,6.907664353497003,20.46507929378786,23.541828923096112,26.296227604864235,28.845350723404756,29.63317731405269,31.99992690881518,34.267186537826696,37.14609344748172,39.25235479076847
17,5.697217101497832,7.564186449577569,21.614560533895986,24.769035343901454,27.587111638275324,30.191009121639805,30.995047206160674,33.40866360500461,35.71846565900461,38.64845152505173,40.79021670690252
18,6.264804684506462,8.230746194756664,22.759545821104357,25.989423082637213,28.86929943039263,31.52637844038663,32.34616093033884,34.80530573470507,37.156451456606746,40.13609843972684,42.31239633167996
19,6.843971445482954,8.906516481987971,23.900417218356484,27.20357102935683,30.14352720564616,32.85232686172971,33.68742507128535,36.190869129270055,38.58225655493423,41.610259924134354,43.82019596451753
20,7.433844262934234,9.590777392264867,25.03750563963741,28.41198058430564,31.41043284423092,34.16960690283834,35.01962554059929,37.566234786625046,39.996846312938644,43.072000064349126,45.31474661812586
21,8.033653420232731,10.282897782522861,26.171099940196157,29.615089436182735,32.6705733409173,35.47887590572725,36.34344893800579,38.932172683516065,41.401064771417595,44.52224969543914,46.797038041561315
